season,team,qb_name,starts,first_start_date,player_norm,draft_team,draft_season,team_canon,drafted_by_team
2000,ARI,J.Plummer,14,2000-09-03,J.Plummer,ARI,1997.0,ARI,True
2000,ATL,C.Chandler,10,2000-09-03,C.Chandler,,,ATL,False
2000,BAL,T.Banks,8,2000-09-03,T.Banks,LAR,1996.0,BAL,False
2000,BUF,R.Johnson,9,2000-09-03,R.Johnson,,,BUF,False
2000,CAR,S.Beuerlein,16,2000-09-03,S.Beuerlein,WAS,1987.0,CAR,False
2000,CHI,C.McNown,8,2000-09-03,C.McNown,,,CHI,False
2000,CIN,A.Smith,10,2000-09-10,A.Smith,SF,2005.0,CIN,False
2000,CLE,T.Couch,7,2000-09-03,T.Couch,,,CLE,False
2000,DAL,T.Aikman,8,2000-09-24,T.Aikman,DAL,1989.0,DAL,True
2000,DEN,B.Griese,9,2000-09-04,B.Griese,DEN,1998.0,DEN,True
2000,DET,C.Batch,13,2000-09-10,C.Batch,DET,1998.0,DET,True
2000,GB,B.Favre,16,2000-09-03,B.Favre,ATL,1991.0,GB,False
2000,IND,P.Manning,16,2000-09-03,P.Manning,IND,1998.0,IND,True
2000,JAX,M.Brunell,16,2000-09-03,M.Brunell,GB,1993.0,JAX,False
2000,KC,E.Grbac,14,2000-09-03,E.Grbac,SF,1993.0,KC,False
2000,LA,K.Warner,11,2000-09-04,K.Warner,,,LAR,False
2000,LAC,R.Leaf,9,2000-09-03,R.Leaf,,,LAC,False
2000,LV,R.Gannon,16,2000-09-03,R.Gannon,NE,1987.0,LV,False
2000,MIA,J.Fiedler,13,2000-09-03,J.Fiedler,,,MIA,False
2000,MIN,D.Culpepper,15,2000-09-03,D.Culpepper,MIN,1999.0,MIN,True
2000,NE,D.Bledsoe,15,2000-09-03,D.Bledsoe,NE,1993.0,NE,True
2000,NO,J.Blake,10,2000-09-03,J.Blake,NYJ,1992.0,NO,False
2000,NYG,K.Collins,16,2000-09-03,K.Collins,CAR,1995.0,NYG,False
2000,NYJ,V.Testaverde,15,2000-09-03,V.Testaverde,TB,1987.0,NYJ,False
2000,PHI,D.McNabb,16,2000-09-03,D.McNabb,PHI,1999.0,PHI,True
2000,PIT,K.Stewart,12,2000-10-01,K.Stewart,,,PIT,False
2000,SEA,J.Kitna,14,2000-09-03,J.Kitna,,,SEA,False
2000,SF,J.Garcia,15,2000-09-03,J.Garcia,,,SF,False
2000,TB,S.King,16,2000-09-03,S.King,TB,1999.0,TB,True
2000,TEN,S.McNair,15,2000-09-03,S.McNair,TEN,1995.0,TEN,True
2000,WAS,B.Johnson,11,2000-09-03,B.Johnson,MIN,1992.0,WAS,False
2001,ARI,J.Plummer,16,2001-09-23,J.Plummer,ARI,1997.0,ARI,True
2001,ATL,C.Chandler,11,2001-09-09,C.Chandler,,,ATL,False
2001,BAL,E.Grbac,13,2001-09-09,E.Grbac,SF,1993.0,BAL,False
2001,BUF,A.Van Pelt,8,2001-10-07,A.Van Pelt,BUF,1993.0,BUF,True
2001,CAR,C.Weinke,15,2001-09-09,C.Weinke,CAR,2001.0,CAR,True
2001,CHI,J. Miller,13,2001-09-23,J. Miller,,,CHI,False
2001,CIN,J.Kitna,16,2001-09-09,J.Kitna,,,CIN,False
2001,CLE,T.Couch,16,2001-09-09,T.Couch,,,CLE,False
2001,DAL,Q.Carter,7,2001-09-09,Q.Carter,,,DAL,False
2001,DEN,B.Griese,14,2001-09-10,B.Griese,DEN,1998.0,DEN,True
2001,DET,C.Batch,8,2001-09-09,C.Batch,DET,1998.0,DET,True
2001,GB,B.Favre,16,2001-09-09,B.Favre,ATL,1991.0,GB,False
2001,IND,P.Manning,16,2001-09-09,P.Manning,IND,1998.0,IND,True
2001,JAX,M.Brunell,14,2001-09-09,M.Brunell,GB,1993.0,JAX,False
2001,KC,T. Green,16,2001-09-09,T. Green,,,KC,False
2001,LA,K.Warner,16,2001-09-09,K.Warner,,,LAR,False
2001,LAC,D.Flutie,15,2001-09-09,D.Flutie,,,LAC,False
2001,LV,R. Gannon,16,2001-09-09,R. Gannon,,,LV,False
2001,MIA,J.Fiedler,16,2001-09-09,J.Fiedler,,,MIA,False
2001,MIN,D.Culpepper,11,2001-09-09,D.Culpepper,MIN,1999.0,MIN,True
2001,NE,T.Brady,14,2001-09-30,T.Brady,NE,2000.0,NE,True
2001,NO,A.Brooks,16,2001-09-09,A.Brooks,GB,1999.0,NO,False
2001,NYG,K. Collins,13,2001-09-23,K. Collins,,,NYG,False
2001,NYJ,V.Testaverde,15,2001-09-09,V.Testaverde,TB,1987.0,NYJ,False
2001,PHI,D.McNabb,15,2001-09-09,D.McNabb,PHI,1999.0,PHI,True
2001,PIT,K.Stewart,16,2001-09-09,K.Stewart,,,PIT,False
2001,SEA,M.Hasselbeck,11,2001-09-09,M.Hasselbeck,GB,1998.0,SEA,False
2001,SF,J.Garcia,16,2001-09-09,J.Garcia,,,SF,False
2001,TB,B.Johnson,15,2001-09-09,B.Johnson,MIN,1992.0,TB,False
2001,TEN,S.McNair,14,2001-10-07,S.McNair,TEN,1995.0,TEN,True
2001,WAS,T.Banks,13,2001-09-30,T.Banks,LAR,1996.0,WAS,False
2002,ARI,J.Plummer,11,2002-09-08,J.Plummer,ARI,1997.0,ARI,True
2002,ATL,M.Vick,14,2002-09-08,M.Vick,ATL,2001.0,ATL,True
2002,BAL,J.Blake,10,2002-10-27,J.Blake,NYJ,1992.0,BAL,False
2002,BUF,D.Bledsoe,12,2002-09-08,D.Bledsoe,NE,1993.0,BUF,False
2002,CAR,R.Peete,14,2002-09-08,R.Peete,,,CAR,False
2002,CHI,J.Miller,9,2002-09-08,J.Miller,PIT,1994.0,CHI,False
2002,CIN,J.Kitna,13,2002-09-22,J.Kitna,,,CIN,False
2002,CLE,T.Couch,13,2002-09-22,T.Couch,,,CLE,False
2002,DAL,C.Hutchinson,9,2002-10-27,C.Hutchinson,DAL,2002.0,DAL,True
2002,DEN,B.Griese,6,2002-09-08,B.Griese,DEN,1998.0,DEN,True
2002,DET,J.Harrington,11,2002-09-22,J.Harrington,DET,2002.0,DET,True
2002,GB,B.Favre,15,2002-09-08,B.Favre,ATL,1991.0,GB,False
2002,HOU,D.Carr,16,2002-09-08,D.Carr,LV,2014.0,HOU,False
2002,IND,P.Manning,16,2002-09-08,P.Manning,IND,1998.0,IND,True
2002,JAX,M. Brunell,13,2002-09-15,M. Brunell,,,JAX,False
2002,KC,T. Green,16,2002-09-08,T. Green,,,KC,False
2002,LA,M. Bulger,6,2002-10-13,M. Bulger,,,LAR,False
2002,LAC,D.Brees,14,2002-09-08,D.Brees,LAC,2001.0,LAC,True
2002,LV,R. Gannon,10,2002-10-27,R. Gannon,,,LV,False
2002,MIA,J. Fiedler,7,2002-09-29,J. Fiedler,,,MIA,False
2002,MIN,D.Culpepper,16,2002-09-08,D.Culpepper,MIN,1999.0,MIN,True
2002,NE,T.Brady,16,2002-09-09,T.Brady,NE,2000.0,NE,True
2002,NO,A.Brooks,16,2002-09-08,A.Brooks,GB,1999.0,NO,False
2002,NYG,K.Collins,16,2002-09-05,K.Collins,CAR,1995.0,NYG,False
2002,NYJ,C.Pennington,13,2002-09-29,C.Pennington,NYJ,2000.0,NYJ,True
2002,PHI,D.McNabb,10,2002-09-08,D.McNabb,PHI,1999.0,PHI,True
2002,PIT,T.Maddox,11,2002-10-06,T.Maddox,,,PIT,False
2002,SEA,M.Hasselbeck,11,2002-09-08,M.Hasselbeck,GB,1998.0,SEA,False
2002,SF,J.Garcia,15,2002-09-05,J.Garcia,,,SF,False
2002,TB,B.Johnson,13,2002-09-08,B.Johnson,MIN,1992.0,TB,False
2002,TEN,S.McNair,16,2002-09-08,S.McNair,TEN,1995.0,TEN,True
2002,WAS,S.Matthews,7,2002-09-08,S.Matthews,CHI,1996.0,WAS,False
2003,ARI,J.Blake,11,2003-09-07,J.Blake,NYJ,1992.0,ARI,False
2003,ATL,D.Johnson,8,2003-09-07,D.Johnson,,,ATL,False
2003,BAL,K.Boller,9,2003-09-07,K.Boller,BAL,2003.0,BAL,True
2003,BUF,D.Bledsoe,14,2003-09-07,D.Bledsoe,NE,1993.0,BUF,False
2003,CAR,J.Delhomme,16,2003-09-07,J.Delhomme,,,CAR,False
2003,CHI,K.Stewart,7,2003-09-07,K.Stewart,,,CHI,False
2003,CIN,J.Kitna,16,2003-09-07,J.Kitna,,,CIN,False
2003,CLE,K. Holcomb,5,2003-11-09,K. Holcomb,,,CLE,False
2003,DAL,Q.Carter,16,2003-09-07,Q.Carter,,,DAL,False
2003,DEN,J.Plummer,9,2003-09-07,J.Plummer,ARI,1997.0,DEN,False
2003,DET,J.Harrington,12,2003-09-07,J.Harrington,DET,2002.0,DET,True
2003,GB,B.Favre,16,2003-09-07,B.Favre,ATL,1991.0,GB,False
2003,HOU,D.Carr,9,2003-09-07,D.Carr,LV,2014.0,HOU,False
2003,IND,P.Manning,16,2003-09-07,P.Manning,IND,1998.0,IND,True
2003,JAX,B.Leftwich,13,2003-09-28,B.Leftwich,JAX,2003.0,JAX,True
2003,KC,T. Green,16,2003-09-07,T. Green,,,KC,False
2003,LA,M.Bulger,15,2003-09-14,M.Bulger,NO,2000.0,LAR,False
2003,LAC,D. Brees,11,2003-09-07,D. Brees,,,LAC,False
2003,LV,R.Gannon,6,2003-09-07,R.Gannon,NE,1987.0,LV,False
2003,MIA,J.Fiedler,11,2003-09-07,J.Fiedler,,,MIA,False
2003,MIN,D. Culpepper,13,2003-09-07,D. Culpepper,,,MIN,False
2003,NE,T.Brady,16,2003-09-07,T.Brady,NE,2000.0,NE,True
2003,NO,A.Brooks,16,2003-09-07,A.Brooks,GB,1999.0,NO,False
2003,NYG,K.Collins,12,2003-09-07,K.Collins,CAR,1995.0,NYG,False
2003,NYJ,C.Pennington,10,2003-10-26,C.Pennington,NYJ,2000.0,NYJ,True
2003,PHI,D.McNabb,16,2003-09-08,D.McNabb,PHI,1999.0,PHI,True
2003,PIT,T. Maddox,12,2003-09-14,T. Maddox,,,PIT,False
2003,SEA,M.Hasselbeck,16,2003-09-07,M.Hasselbeck,GB,1998.0,SEA,False
2003,SF,J.Garcia,13,2003-09-07,J.Garcia,,,SF,False
2003,TB,B.Johnson,16,2003-09-08,B.Johnson,MIN,1992.0,TB,False
2003,TEN,S.McNair,13,2003-09-07,S.McNair,TEN,1995.0,TEN,True
2003,WAS,P.Ramsey,10,2003-09-04,P.Ramsey,WAS,2002.0,WAS,True
2004,ARI,J.McCown,13,2004-09-12,J.McCown,ARI,2002.0,ARI,True
2004,ATL,M.Vick,14,2004-09-12,M.Vick,ATL,2001.0,ATL,True
2004,BAL,K.Boller,16,2004-09-12,K.Boller,BAL,2003.0,BAL,True
2004,BUF,D.Bledsoe,16,2004-09-12,D.Bledsoe,NE,1993.0,BUF,False
2004,CAR,J.Delhomme,16,2004-09-13,J.Delhomme,,,CAR,False
2004,CHI,C.Krenzel,5,2004-10-24,C.Krenzel,CHI,2004.0,CHI,True
2004,CIN,C.Palmer,13,2004-09-12,C.Palmer,CIN,2003.0,CIN,True
2004,CLE,J.Garcia,10,2004-09-12,J.Garcia,,,CLE,False
2004,DAL,V.Testaverde,16,2004-09-12,V.Testaverde,TB,1987.0,DAL,False
2004,DEN,J.Plummer,16,2004-09-12,J.Plummer,ARI,1997.0,DEN,False
2004,DET,J.Harrington,16,2004-09-12,J.Harrington,DET,2002.0,DET,True
2004,GB,B.Favre,15,2004-09-13,B.Favre,ATL,1991.0,GB,False
2004,HOU,D.Carr,16,2004-09-12,D.Carr,LV,2014.0,HOU,False
2004,IND,P.Manning,15,2004-09-09,P.Manning,IND,1998.0,IND,True
2004,JAX,B.Leftwich,14,2004-09-12,B.Leftwich,JAX,2003.0,JAX,True
2004,KC,T.Green,16,2004-09-12,T.Green,WAS,1993.0,KC,False
2004,LA,M.Bulger,13,2004-09-12,M.Bulger,NO,2000.0,LAR,False
2004,LAC,D.Brees,15,2004-09-12,D.Brees,LAC,2001.0,LAC,True
2004,LV,K.Collins,14,2004-09-26,K.Collins,CAR,1995.0,LV,False
2004,MIA,A.Feeley,9,2004-09-11,A.Feeley,PHI,2001.0,MIA,False
2004,MIN,D.Culpepper,16,2004-09-12,D.Culpepper,MIN,1999.0,MIN,True
2004,NE,T.Brady,16,2004-09-09,T.Brady,NE,2000.0,NE,True
2004,NO,A.Brooks,16,2004-09-12,A.Brooks,GB,1999.0,NO,False
2004,NYG,K.Warner,9,2004-09-12,K.Warner,,,NYG,False
2004,NYJ,C.Pennington,13,2004-09-12,C.Pennington,NYJ,2000.0,NYJ,True
2004,PHI,D.McNabb,14,2004-09-12,D.McNabb,PHI,1999.0,PHI,True
2004,PIT,B.Roethlisberger,14,2004-09-19,B.Roethlisberger,PIT,2004.0,PIT,True
2004,SEA,M.Hasselbeck,14,2004-09-12,M.Hasselbeck,GB,1998.0,SEA,False
2004,SF,T.Rattay,9,2004-09-12,T.Rattay,SF,2000.0,SF,True
2004,TB,B.Griese,11,2004-10-10,B.Griese,DEN,1998.0,TB,False
2004,TEN,B.Volek,9,2004-10-03,B.Volek,,,TEN,False
2004,WAS,P.Ramsey,9,2004-09-19,P.Ramsey,WAS,2002.0,WAS,True
2005,ARI,K.Warner,8,2005-09-11,K.Warner,,,ARI,False
2005,ATL,M.Vick,14,2005-09-12,M.Vick,ATL,2001.0,ATL,True
2005,BAL,A.Wright,8,2005-09-11,A.Wright,PIT,1999.0,BAL,False
2005,BUF,J.Losman,9,2005-09-11,J.Losman,BUF,2004.0,BUF,True
2005,CAR,J.Delhomme,16,2005-09-11,J.Delhomme,,,CAR,False
2005,CHI,K.Orton,8,2005-09-11,K.Orton,CHI,2005.0,CHI,True
2005,CIN,C.Palmer,15,2005-09-11,C.Palmer,CIN,2003.0,CIN,True
2005,CLE,T.Dilfer,11,2005-09-11,T.Dilfer,,,CLE,False
2005,DAL,D.Bledsoe,16,2005-09-11,D.Bledsoe,NE,1993.0,DAL,False
2005,DEN,J.Plummer,16,2005-09-11,J.Plummer,ARI,1997.0,DEN,False
2005,DET,J.Harrington,10,2005-09-11,J.Harrington,DET,2002.0,DET,True
2005,GB,B.Favre,16,2005-09-11,B.Favre,ATL,1991.0,GB,False
2005,HOU,D.Carr,15,2005-09-11,D.Carr,LV,2014.0,HOU,False
2005,IND,P.Manning,14,2005-09-11,P.Manning,IND,1998.0,IND,True
2005,JAX,B.Leftwich,10,2005-09-11,B.Leftwich,JAX,2003.0,JAX,True
2005,KC,T.Green,16,2005-09-11,T.Green,WAS,1993.0,KC,False
2005,LA,M.Bulger,7,2005-09-11,M.Bulger,NO,2000.0,LAR,False
2005,LAC,D.Brees,15,2005-09-11,D.Brees,LAC,2001.0,LAC,True
2005,LV,K.Collins,15,2005-09-08,K.Collins,CAR,1995.0,LV,False
2005,MIA,G.Frerotte,15,2005-09-11,G.Frerotte,WAS,1994.0,MIA,False
2005,MIN,B.Johnson,10,2005-10-30,B.Johnson,MIN,1992.0,MIN,True
2005,NE,T.Brady,15,2005-09-08,T.Brady,NE,2000.0,NE,True
2005,NO,A.Brooks,13,2005-09-11,A.Brooks,GB,1999.0,NO,False
2005,NYG,E.Manning,16,2005-09-11,E.Manning,LAC,2004.0,NYG,False
2005,NYJ,B.Bollinger,10,2005-10-02,B.Bollinger,NYJ,2003.0,NYJ,True
2005,PHI,D.McNabb,9,2005-09-12,D.McNabb,PHI,1999.0,PHI,True
2005,PIT,B.Roethlisberger,12,2005-09-11,B.Roethlisberger,PIT,2004.0,PIT,True
2005,SEA,M.Hasselbeck,15,2005-09-11,M.Hasselbeck,GB,1998.0,SEA,False
2005,SF,A.Smith,7,2005-10-09,A.Smith,SF,2005.0,SF,True
2005,TB,C.Simms,10,2005-10-30,C.Simms,TB,2003.0,TB,True
2005,TEN,S.McNair,13,2005-09-11,S.McNair,TEN,1995.0,TEN,True
2005,WAS,M.Brunell,16,2005-09-11,M.Brunell,GB,1993.0,WAS,False
2006,ARI,M.Leinart,10,2006-10-08,M.Leinart,ARI,2006.0,ARI,True
2006,ATL,M.Vick,15,2006-09-10,M.Vick,ATL,2001.0,ATL,True
2006,BAL,S.McNair,14,2006-09-10,S.McNair,TEN,1995.0,BAL,False
2006,BUF,J.Losman,16,2006-09-10,J.Losman,BUF,2004.0,BUF,True
2006,CAR,J.Delhomme,13,2006-09-10,J.Delhomme,,,CAR,False
2006,CHI,R.Grossman,15,2006-09-10,R.Grossman,CHI,2003.0,CHI,True
2006,CIN,C.Palmer,16,2006-09-10,C.Palmer,CIN,2003.0,CIN,True
2006,CLE,C.Frye,12,2006-09-10,C.Frye,,,CLE,False
2006,DAL,T.Romo,11,2006-10-23,T.Romo,,,DAL,False
2006,DEN,J.Plummer,11,2006-09-10,J.Plummer,ARI,1997.0,DEN,False
2006,DET,J.Kitna,16,2006-09-10,J.Kitna,,,DET,False
2006,GB,B.Favre,16,2006-09-10,B.Favre,ATL,1991.0,GB,False
2006,HOU,D.Carr,15,2006-09-10,D.Carr,LV,2014.0,HOU,False
2006,IND,P.Manning,16,2006-09-10,P.Manning,IND,1998.0,IND,True
2006,JAX,D.Garrard,9,2006-10-29,D.Garrard,JAX,2002.0,JAX,True
2006,KC,D.Huard,9,2006-09-10,D.Huard,,,KC,False
2006,LA,M.Bulger,16,2006-09-10,M.Bulger,NO,2000.0,LAR,False
2006,LAC,P.Rivers,16,2006-09-11,P.Rivers,NYG,2004.0,LAC,False
2006,LV,A.Walter,9,2006-09-17,A.Walter,LV,2005.0,LV,True
2006,MIA,J.Harrington,10,2006-10-08,J.Harrington,DET,2002.0,MIA,False
2006,MIN,B.Johnson,13,2006-09-11,B.Johnson,MIN,1992.0,MIN,True
2006,NE,T.Brady,16,2006-09-10,T.Brady,NE,2000.0,NE,True
2006,NO,D.Brees,15,2006-09-10,D.Brees,LAC,2001.0,NO,False
2006,NYG,E.Manning,16,2006-09-10,E.Manning,LAC,2004.0,NYG,False
2006,NYJ,C.Pennington,16,2006-09-10,C.Pennington,NYJ,2000.0,NYJ,True
2006,PHI,D.McNabb,9,2006-09-10,D.McNabb,PHI,1999.0,PHI,True
2006,PIT,B.Roethlisberger,15,2006-09-18,B.Roethlisberger,PIT,2004.0,PIT,True
2006,SEA,M.Hasselbeck,11,2006-09-10,M.Hasselbeck,GB,1998.0,SEA,False
2006,SF,A.Smith,16,2006-09-10,A.Smith,SF,2005.0,SF,True
2006,TB,B.Gradkowski,10,2006-10-08,B.Gradkowski,TB,2006.0,TB,True
2006,TEN,V.Young,14,2006-09-17,V.Young,TEN,2006.0,TEN,True
2006,WAS,M.Brunell,9,2006-09-11,M.Brunell,GB,1993.0,WAS,False
2007,ARI,K.Warner,12,2007-09-30,K.Warner,,,ARI,False
2007,ATL,J.Harrington,10,2007-09-09,J.Harrington,DET,2002.0,ATL,False
2007,BAL,K.Boller,8,2007-09-16,K.Boller,BAL,2003.0,BAL,True
2007,BUF,T.Edwards,10,2007-09-23,T.Edwards,BUF,2007.0,BUF,True
2007,CAR,D.Carr,5,2007-09-30,D.Carr,LV,2014.0,CAR,False
2007,CHI,R.Grossman,7,2007-09-09,R.Grossman,CHI,2003.0,CHI,True
2007,CIN,C.Palmer,16,2007-09-10,C.Palmer,CIN,2003.0,CIN,True
2007,CLE,D.Anderson,16,2007-09-09,D.Anderson,BAL,2005.0,CLE,False
2007,DAL,T.Romo,16,2007-09-09,T.Romo,,,DAL,False
2007,DEN,J.Cutler,15,2007-09-09,J.Cutler,DEN,2006.0,DEN,True
2007,DET,J.Kitna,16,2007-09-09,J.Kitna,,,DET,False
2007,GB,B.Favre,14,2007-09-09,B.Favre,ATL,1991.0,GB,False
2007,HOU,M.Schaub,8,2007-09-09,M.Schaub,ATL,2004.0,HOU,False
2007,IND,P.Manning,15,2007-09-06,P.Manning,IND,1998.0,IND,True
2007,JAX,D.Garrard,11,2007-09-09,D.Garrard,JAX,2002.0,JAX,True
2007,KC,D.Huard,10,2007-09-09,D.Huard,,,KC,False
2007,LA,M.Bulger,11,2007-09-09,M.Bulger,NO,2000.0,LAR,False
2007,LAC,P.Rivers,16,2007-09-09,P.Rivers,NYG,2004.0,LAC,False
2007,LV,J.McCown,7,2007-09-09,J.McCown,ARI,2002.0,LV,False
2007,MIA,C.Lemon,8,2007-10-07,C.Lemon,,,MIA,False
2007,MIN,T.Jackson,12,2007-09-09,T.Jackson,MIN,2006.0,MIN,True
2007,NE,T.Brady,16,2007-09-09,T.Brady,NE,2000.0,NE,True
2007,NO,D.Brees,16,2007-09-06,D.Brees,LAC,2001.0,NO,False
2007,NYG,E.Manning,16,2007-09-09,E.Manning,LAC,2004.0,NYG,False
2007,NYJ,C.Pennington,9,2007-09-09,C.Pennington,NYJ,2000.0,NYJ,True
2007,PHI,D.McNabb,13,2007-09-09,D.McNabb,PHI,1999.0,PHI,True
2007,PIT,B.Roethlisberger,15,2007-09-09,B.Roethlisberger,PIT,2004.0,PIT,True
2007,SEA,M.Hasselbeck,16,2007-09-09,M.Hasselbeck,GB,1998.0,SEA,False
2007,SF,A.Smith,6,2007-09-10,A.Smith,SF,2005.0,SF,True
2007,TB,J.Garcia,11,2007-09-09,J.Garcia,,,TB,False
2007,TEN,V.Young,14,2007-09-09,V.Young,TEN,2006.0,TEN,True
2007,WAS,J.Campbell,12,2007-09-09,J.Campbell,WAS,2005.0,WAS,True
2008,ARI,K.Warner,16,2008-09-07,K.Warner,,,ARI,False
2008,ATL,M.Ryan,16,2008-09-07,M.Ryan,ATL,2008.0,ATL,True
2008,BAL,J.Flacco,16,2008-09-07,J.Flacco,BAL,2008.0,BAL,True
2008,BUF,T.Edwards,13,2008-09-07,T.Edwards,BUF,2007.0,BUF,True
2008,CAR,J.Delhomme,16,2008-09-07,J.Delhomme,,,CAR,False
2008,CHI,K.Orton,14,2008-09-07,K.Orton,CHI,2005.0,CHI,True
2008,CIN,R.Fitzpatrick,12,2008-09-28,R.Fitzpatrick,LAR,2005.0,CIN,False
2008,CLE,D.Anderson,9,2008-09-07,D.Anderson,BAL,2005.0,CLE,False
2008,DAL,T.Romo,13,2008-09-07,T.Romo,,,DAL,False
2008,DEN,J.Cutler,16,2008-09-08,J.Cutler,DEN,2006.0,DEN,True
2008,DET,D.Orlovsky,8,2008-10-05,D.Orlovsky,DET,2005.0,DET,True
2008,GB,A.Rodgers,16,2008-09-08,A.Rodgers,GB,2005.0,GB,True
2008,HOU,M.Schaub,10,2008-09-07,M.Schaub,ATL,2004.0,HOU,False
2008,IND,P.Manning,15,2008-09-07,P.Manning,IND,1998.0,IND,True
2008,JAX,D.Garrard,16,2008-09-07,D.Garrard,JAX,2002.0,JAX,True
2008,KC,T.Thigpen,12,2008-09-14,T.Thigpen,,,KC,False
2008,LA,M.Bulger,14,2008-09-07,M.Bulger,NO,2000.0,LAR,False
2008,LAC,P.Rivers,16,2008-09-07,P.Rivers,NYG,2004.0,LAC,False
2008,LV,J.Russell,14,2008-09-08,J.Russell,LV,2007.0,LV,True
2008,MIA,C.Pennington,16,2008-09-07,C.Pennington,NYJ,2000.0,MIA,False
2008,MIN,G.Frerotte,10,2008-09-21,G.Frerotte,WAS,1994.0,MIN,False
2008,NE,M.Cassel,16,2008-09-07,M.Cassel,NE,2005.0,NE,True
2008,NO,D.Brees,16,2008-09-07,D.Brees,LAC,2001.0,NO,False
2008,NYG,E.Manning,16,2008-09-04,E.Manning,LAC,2004.0,NYG,False
2008,NYJ,B.Favre,16,2008-09-07,B.Favre,ATL,1991.0,NYJ,False
2008,PHI,D.McNabb,15,2008-09-07,D.McNabb,PHI,1999.0,PHI,True
2008,PIT,B.Roethlisberger,16,2008-09-07,B.Roethlisberger,PIT,2004.0,PIT,True
2008,SEA,S.Wallace,8,2008-10-19,S.Wallace,SEA,2003.0,SEA,True
2008,SF,S.Hill,9,2008-10-26,S.Hill,,,SF,False
2008,TB,J.Garcia,11,2008-09-07,J.Garcia,,,TB,False
2008,TEN,K.Collins,14,2008-09-14,K.Collins,CAR,1995.0,TEN,False
2008,WAS,J.Campbell,16,2008-09-04,J.Campbell,WAS,2005.0,WAS,True
2009,ARI,K.Warner,14,2009-09-13,K.Warner,,,ARI,False
2009,ATL,M.Ryan,13,2009-09-13,M.Ryan,ATL,2008.0,ATL,True
2009,BAL,J.Flacco,16,2009-09-13,J.Flacco,BAL,2008.0,BAL,True
2009,BUF,R.Fitzpatrick,9,2009-10-18,R.Fitzpatrick,LAR,2005.0,BUF,False
2009,CAR,J.Delhomme,11,2009-09-13,J.Delhomme,,,CAR,False
2009,CHI,J.Cutler,16,2009-09-13,J.Cutler,DEN,2006.0,CHI,False
2009,CIN,C.Palmer,15,2009-09-13,C.Palmer,CIN,2003.0,CIN,True
2009,CLE,B.Quinn,8,2009-09-13,B.Quinn,CLE,2007.0,CLE,True
2009,DAL,T.Romo,16,2009-09-13,T.Romo,,,DAL,False
2009,DEN,K.Orton,16,2009-09-13,K.Orton,CHI,2005.0,DEN,False
2009,DET,M.Stafford,10,2009-09-13,M.Stafford,DET,2009.0,DET,True
2009,GB,A.Rodgers,16,2009-09-13,A.Rodgers,GB,2005.0,GB,True
2009,HOU,M.Schaub,16,2009-09-13,M.Schaub,ATL,2004.0,HOU,False
2009,IND,P.Manning,15,2009-09-13,P.Manning,IND,1998.0,IND,True
2009,JAX,D.Garrard,16,2009-09-13,D.Garrard,JAX,2002.0,JAX,True
2009,KC,M.Cassel,15,2009-09-20,M.Cassel,NE,2005.0,KC,False
2009,LA,M.Bulger,7,2009-09-13,M.Bulger,NO,2000.0,LAR,False
2009,LAC,P.Rivers,15,2009-09-14,P.Rivers,NYG,2004.0,LAC,False
2009,LV,J.Russell,9,2009-09-14,J.Russell,LV,2007.0,LV,True
2009,MIA,C.Henne,14,2009-09-27,C.Henne,MIA,2008.0,MIA,True
2009,MIN,B.Favre,16,2009-09-13,B.Favre,ATL,1991.0,MIN,False
2009,NE,T.Brady,16,2009-09-14,T.Brady,NE,2000.0,NE,True
2009,NO,D.Brees,15,2009-09-13,D.Brees,LAC,2001.0,NO,False
2009,NYG,E.Manning,15,2009-09-13,E.Manning,LAC,2004.0,NYG,False
2009,NYJ,M.Sanchez,15,2009-09-13,M.Sanchez,NYJ,2009.0,NYJ,True
2009,PHI,D.McNabb,14,2009-09-13,D.McNabb,PHI,1999.0,PHI,True
2009,PIT,B.Roethlisberger,15,2009-09-10,B.Roethlisberger,PIT,2004.0,PIT,True
2009,SEA,M.Hasselbeck,13,2009-09-13,M.Hasselbeck,GB,1998.0,SEA,False
2009,SF,A.Smith,11,2009-10-25,A.Smith,SF,2005.0,SF,True
2009,TB,J.Freeman,9,2009-11-08,J.Freeman,TB,2009.0,TB,True
2009,TEN,V.Young,9,2009-11-01,V.Young,TEN,2006.0,TEN,True
2009,WAS,J.Campbell,16,2009-09-13,J.Campbell,WAS,2005.0,WAS,True
2010,ARI,D.Anderson,9,2010-09-12,D.Anderson,BAL,2005.0,ARI,False
2010,ATL,M.Ryan,15,2010-09-19,M.Ryan,ATL,2008.0,ATL,True
2010,BAL,J.Flacco,16,2010-09-13,J.Flacco,BAL,2008.0,BAL,True
2010,BUF,R.Fitzpatrick,13,2010-09-26,R.Fitzpatrick,LAR,2005.0,BUF,False
2010,CAR,J.Clausen,11,2010-09-26,J.Clausen,,,CAR,False
2010,CHI,J.Cutler,15,2010-09-12,J.Cutler,DEN,2006.0,CHI,False
2010,CIN,C.Palmer,16,2010-09-12,C.Palmer,CIN,2003.0,CIN,True
2010,CLE,C.McCoy,8,2010-10-17,C.McCoy,CLE,2010.0,CLE,True
2010,DAL,J.Kitna,10,2010-10-25,J.Kitna,,,DAL,False
2010,DEN,K.Orton,13,2010-09-12,K.Orton,CHI,2005.0,DEN,False
2010,DET,Sh.Hill,9,2010-09-19,Sh.Hill,,,DET,False
2010,GB,A.Rodgers,14,2010-09-12,A.Rodgers,GB,2005.0,GB,True
2010,HOU,M.Schaub,16,2010-09-12,M.Schaub,ATL,2004.0,HOU,False
2010,IND,P.Manning,16,2010-09-12,P.Manning,IND,1998.0,IND,True
2010,JAX,D.Garrard,13,2010-09-12,D.Garrard,JAX,2002.0,JAX,True
2010,KC,M.Cassel,15,2010-09-13,M.Cassel,NE,2005.0,KC,False
2010,LA,S.Bradford,16,2010-09-12,S.Bradford,LAR,2010.0,LAR,True
2010,LAC,P.Rivers,16,2010-09-13,P.Rivers,NYG,2004.0,LAC,False
2010,LV,J.Campbell,11,2010-09-12,J.Campbell,WAS,2005.0,LV,False
2010,MIA,C.Henne,14,2010-09-12,C.Henne,MIA,2008.0,MIA,True
2010,MIN,B.Favre,11,2010-09-09,B.Favre,ATL,1991.0,MIN,False
2010,NE,T.Brady,16,2010-09-12,T.Brady,NE,2000.0,NE,True
2010,NO,D.Brees,16,2010-09-09,D.Brees,LAC,2001.0,NO,False
2010,NYG,E.Manning,16,2010-09-12,E.Manning,LAC,2004.0,NYG,False
2010,NYJ,M.Sanchez,15,2010-09-13,M.Sanchez,NYJ,2009.0,NYJ,True
2010,PHI,M.Vick,11,2010-09-12,M.Vick,ATL,2001.0,PHI,False
2010,PIT,B.Roethlisberger,12,2010-10-17,B.Roethlisberger,PIT,2004.0,PIT,True
2010,SEA,M.Hasselbeck,12,2010-09-12,M.Hasselbeck,GB,1998.0,SEA,False
2010,SF,A.Smith,10,2010-09-12,A.Smith,SF,2005.0,SF,True
2010,TB,J.Freeman,16,2010-09-12,J.Freeman,TB,2009.0,TB,True
2010,TEN,K.Collins,8,2010-09-19,K.Collins,CAR,1995.0,TEN,False
2010,WAS,D.McNabb,13,2010-09-12,D.McNabb,PHI,1999.0,WAS,False
2011,ARI,K.Kolb,8,2011-09-11,K.Kolb,PHI,2007.0,ARI,False
2011,ATL,M.Ryan,15,2011-09-11,M.Ryan,ATL,2008.0,ATL,True
2011,BAL,J.Flacco,16,2011-09-11,J.Flacco,BAL,2008.0,BAL,True
2011,BUF,R.Fitzpatrick,16,2011-09-11,R.Fitzpatrick,LAR,2005.0,BUF,False
2011,CAR,C.Newton,16,2011-09-11,C.Newton,CAR,2011.0,CAR,True
2011,CHI,J.Cutler,10,2011-09-11,J.Cutler,DEN,2006.0,CHI,False
2011,CIN,A.Dalton,16,2011-09-11,A.Dalton,CIN,2011.0,CIN,True
2011,CLE,C.McCoy,13,2011-09-11,C.McCoy,CLE,2010.0,CLE,True
2011,DAL,T.Romo,15,2011-09-11,T.Romo,,,DAL,False
2011,DEN,T.Tebow,11,2011-10-23,T.Tebow,DEN,2010.0,DEN,True
2011,DET,M.Stafford,16,2011-09-11,M.Stafford,DET,2009.0,DET,True
2011,GB,A.Rodgers,15,2011-09-08,A.Rodgers,GB,2005.0,GB,True
2011,HOU,M.Schaub,10,2011-09-11,M.Schaub,ATL,2004.0,HOU,False
2011,IND,C.Painter,8,2011-10-03,C.Painter,,,IND,False
2011,JAX,B.Gabbert,14,2011-09-25,B.Gabbert,JAX,2011.0,JAX,True
2011,KC,M.Cassel,9,2011-09-11,M.Cassel,NE,2005.0,KC,False
2011,LA,S.Bradford,10,2011-09-11,S.Bradford,LAR,2010.0,LAR,True
2011,LAC,P.Rivers,16,2011-09-11,P.Rivers,NYG,2004.0,LAC,False
2011,LV,C.Palmer,10,2011-10-23,C.Palmer,CIN,2003.0,LV,False
2011,MIA,M.Moore,13,2011-10-02,M.Moore,,,MIA,False
2011,MIN,C.Ponder,8,2011-10-23,C.Ponder,,,MIN,False
2011,NE,T.Brady,16,2011-09-12,T.Brady,NE,2000.0,NE,True
2011,NO,D.Brees,16,2011-09-08,D.Brees,LAC,2001.0,NO,False
2011,NYG,E.Manning,16,2011-09-11,E.Manning,LAC,2004.0,NYG,False
2011,NYJ,M.Sanchez,16,2011-09-11,M.Sanchez,NYJ,2009.0,NYJ,True
2011,PHI,M.Vick,13,2011-09-11,M.Vick,ATL,2001.0,PHI,False
2011,PIT,B.Roethlisberger,15,2011-09-11,B.Roethlisberger,PIT,2004.0,PIT,True
2011,SEA,T.Jackson,15,2011-09-11,T.Jackson,MIN,2006.0,SEA,False
2011,SF,A.Smith,14,2011-09-25,A.Smith,SF,2005.0,SF,True
2011,TB,J.Freeman,15,2011-09-11,J.Freeman,TB,2009.0,TB,True
2011,TEN,M.Hasselbeck,15,2011-09-11,M.Hasselbeck,GB,1998.0,TEN,False
2011,WAS,R.Grossman,13,2011-09-11,R.Grossman,CHI,2003.0,WAS,False
2012,ARI,J.Skelton,5,2012-09-09,J.Skelton,ARI,2010.0,ARI,True
2012,ATL,M.Ryan,16,2012-09-09,M.Ryan,ATL,2008.0,ATL,True
2012,BAL,J.Flacco,15,2012-09-10,J.Flacco,BAL,2008.0,BAL,True
2012,BUF,R.Fitzpatrick,16,2012-09-09,R.Fitzpatrick,LAR,2005.0,BUF,False
2012,CAR,C.Newton,16,2012-09-09,C.Newton,CAR,2011.0,CAR,True
2012,CHI,J.Cutler,14,2012-09-09,J.Cutler,DEN,2006.0,CHI,False
2012,CIN,A.Dalton,16,2012-09-10,A.Dalton,CIN,2011.0,CIN,True
2012,CLE,B.Weeden,14,2012-09-09,B.Weeden,CLE,2012.0,CLE,True
2012,DAL,T.Romo,16,2012-09-05,T.Romo,,,DAL,False
2012,DEN,P.Manning,16,2012-09-09,P.Manning,IND,1998.0,DEN,False
2012,DET,M.Stafford,16,2012-09-09,M.Stafford,DET,2009.0,DET,True
2012,GB,A.Rodgers,16,2012-09-09,A.Rodgers,GB,2005.0,GB,True
2012,HOU,M.Schaub,16,2012-09-09,M.Schaub,ATL,2004.0,HOU,False
2012,IND,A.Luck,16,2012-09-09,A.Luck,IND,2012.0,IND,True
2012,JAX,B.Gabbert,8,2012-09-09,B.Gabbert,JAX,2011.0,JAX,True
2012,KC,M.Cassel,8,2012-09-09,M.Cassel,NE,2005.0,KC,False
2012,LA,S.Bradford,16,2012-09-09,S.Bradford,LAR,2010.0,LAR,True
2012,LAC,P.Rivers,16,2012-09-10,P.Rivers,NYG,2004.0,LAC,False
2012,LV,C.Palmer,14,2012-09-10,C.Palmer,CIN,2003.0,LV,False
2012,MIA,R.Tannehill,15,2012-09-09,R.Tannehill,MIA,2012.0,MIA,True
2012,MIN,C.Ponder,16,2012-09-09,C.Ponder,,,MIN,False
2012,NE,T.Brady,16,2012-09-09,T.Brady,NE,2000.0,NE,True
2012,NO,D.Brees,16,2012-09-09,D.Brees,LAC,2001.0,NO,False
2012,NYG,E.Manning,16,2012-09-05,E.Manning,LAC,2004.0,NYG,False
2012,NYJ,M.Sanchez,15,2012-09-09,M.Sanchez,NYJ,2009.0,NYJ,True
2012,PHI,M.Vick,9,2012-09-09,M.Vick,ATL,2001.0,PHI,False
2012,PIT,B.Roethlisberger,13,2012-09-09,B.Roethlisberger,PIT,2004.0,PIT,True
2012,SEA,R.Wilson,16,2012-09-09,R.Wilson,SEA,2012.0,SEA,True
2012,SF,A.Smith,8,2012-09-09,A.Smith,SF,2005.0,SF,True
2012,TB,J.Freeman,16,2012-09-09,J.Freeman,TB,2009.0,TB,True
2012,TEN,J.Locker,10,2012-09-09,J.Locker,,,TEN,False
2012,WAS,R.Griffin,15,2012-09-09,R.Griffin,WAS,2012.0,WAS,True
2013,ARI,C.Palmer,16,2013-09-08,C.Palmer,CIN,2003.0,ARI,False
2013,ATL,M.Ryan,16,2013-09-08,M.Ryan,ATL,2008.0,ATL,True
2013,BAL,J.Flacco,16,2013-09-05,J.Flacco,BAL,2008.0,BAL,True
2013,BUF,E.Manuel,9,2013-09-08,E.Manuel,BUF,2013.0,BUF,True
2013,CAR,C.Newton,16,2013-09-08,C.Newton,CAR,2011.0,CAR,True
2013,CHI,J.Cutler,10,2013-09-08,J.Cutler,DEN,2006.0,CHI,False
2013,CIN,A.Dalton,16,2013-09-08,A.Dalton,CIN,2011.0,CIN,True
2013,CLE,B.Weeden,7,2013-09-08,B.Weeden,CLE,2012.0,CLE,True
2013,DAL,T.Romo,15,2013-09-08,T.Romo,,,DAL,False
2013,DEN,P.Manning,16,2013-09-05,P.Manning,IND,1998.0,DEN,False
2013,DET,M.Stafford,16,2013-09-08,M.Stafford,DET,2009.0,DET,True
2013,GB,A.Rodgers,8,2013-09-08,A.Rodgers,GB,2005.0,GB,True
2013,HOU,M.Schaub,9,2013-09-09,M.Schaub,ATL,2004.0,HOU,False
2013,IND,A.Luck,16,2013-09-08,A.Luck,IND,2012.0,IND,True
2013,JAX,C.Henne,13,2013-09-15,C.Henne,MIA,2008.0,JAX,False
2013,KC,A.Smith,15,2013-09-08,A.Smith,SF,2005.0,KC,False
2013,LA,K.Clemens,9,2013-10-28,K.Clemens,NYJ,2006.0,LAR,False
2013,LAC,P.Rivers,16,2013-09-09,P.Rivers,NYG,2004.0,LAC,False
2013,LV,T.Pryor,9,2013-09-08,T.Pryor,,,LV,False
2013,MIA,R.Tannehill,16,2013-09-08,R.Tannehill,MIA,2012.0,MIA,True
2013,MIN,C.Ponder,8,2013-09-08,C.Ponder,,,MIN,False
2013,NE,T.Brady,16,2013-09-08,T.Brady,NE,2000.0,NE,True
2013,NO,D.Brees,16,2013-09-08,D.Brees,LAC,2001.0,NO,False
2013,NYG,E.Manning,16,2013-09-08,E.Manning,LAC,2004.0,NYG,False
2013,NYJ,G.Smith,15,2013-09-08,G.Smith,NYJ,2013.0,NYJ,True
2013,PHI,N.Foles,11,2013-10-06,N.Foles,PHI,2012.0,PHI,True
2013,PIT,B.Roethlisberger,16,2013-09-08,B.Roethlisberger,PIT,2004.0,PIT,True
2013,SEA,R.Wilson,16,2013-09-08,R.Wilson,SEA,2012.0,SEA,True
2013,SF,C.Kaepernick,16,2013-09-08,C.Kaepernick,,,SF,False
2013,TB,M.Glennon,13,2013-09-29,M.Glennon,TB,2013.0,TB,True
2013,TEN,R.Fitzpatrick,10,2013-10-06,R.Fitzpatrick,LAR,2005.0,TEN,False
2013,WAS,R.Griffin,13,2013-09-09,R.Griffin,WAS,2012.0,WAS,True
2014,ARI,D.Stanton,8,2014-09-14,D.Stanton,DET,2007.0,ARI,False
2014,ATL,M.Ryan,16,2014-09-07,M.Ryan,ATL,2008.0,ATL,True
2014,BAL,J.Flacco,16,2014-09-07,J.Flacco,BAL,2008.0,BAL,True
2014,BUF,K.Orton,12,2014-10-05,K.Orton,CHI,2005.0,BUF,False
2014,CAR,C.Newton,14,2014-09-14,C.Newton,CAR,2011.0,CAR,True
2014,CHI,J.Cutler,15,2014-09-07,J.Cutler,DEN,2006.0,CHI,False
2014,CIN,A.Dalton,16,2014-09-07,A.Dalton,CIN,2011.0,CIN,True
2014,CLE,B.Hoyer,14,2014-09-07,B.Hoyer,,,CLE,False
2014,DAL,T.Romo,15,2014-09-07,T.Romo,,,DAL,False
2014,DEN,P.Manning,16,2014-09-07,P.Manning,IND,1998.0,DEN,False
2014,DET,M.Stafford,16,2014-09-08,M.Stafford,DET,2009.0,DET,True
2014,GB,A.Rodgers,16,2014-09-04,A.Rodgers,GB,2005.0,GB,True
2014,HOU,R.Fitzpatrick,11,2014-09-07,R.Fitzpatrick,LAR,2005.0,HOU,False
2014,IND,A.Luck,14,2014-09-07,A.Luck,IND,2012.0,IND,True
2014,JAX,B.Bortles,14,2014-09-21,B.Bortles,JAX,2014.0,JAX,True
2014,KC,A.Smith,15,2014-09-07,A.Smith,SF,2005.0,KC,False
2014,LA,A.Davis,9,2014-09-07,A.Davis,,,LAR,False
2014,LAC,P.Rivers,16,2014-09-08,P.Rivers,NYG,2004.0,LAC,False
2014,LV,D.Carr,16,2014-09-07,D.Carr,LV,2014.0,LV,True
2014,MIA,R.Tannehill,16,2014-09-07,R.Tannehill,MIA,2012.0,MIA,True
2014,MIN,T.Bridgewater,13,2014-09-21,T.Bridgewater,MIN,2014.0,MIN,True
2014,NE,T.Brady,15,2014-09-07,T.Brady,NE,2000.0,NE,True
2014,NO,D.Brees,16,2014-09-07,D.Brees,LAC,2001.0,NO,False
2014,NYG,E.Manning,16,2014-09-08,E.Manning,LAC,2004.0,NYG,False
2014,NYJ,G.Smith,11,2014-09-07,G.Smith,NYJ,2013.0,NYJ,True
2014,PHI,M.Sanchez,9,2014-11-02,M.Sanchez,NYJ,2009.0,PHI,False
2014,PIT,B.Roethlisberger,16,2014-09-07,B.Roethlisberger,PIT,2004.0,PIT,True
2014,SEA,R.Wilson,16,2014-09-04,R.Wilson,SEA,2012.0,SEA,True
2014,SF,C.Kaepernick,16,2014-09-07,C.Kaepernick,,,SF,False
2014,TB,J.McCown,10,2014-09-07,J.McCown,ARI,2002.0,TB,False
2014,TEN,C.Whitehurst,7,2014-09-28,C.Whitehurst,SEA,2006.0,TEN,False
2014,WAS,R.Griffin,7,2014-09-07,R.Griffin,WAS,2012.0,WAS,True
2015,ARI,C.Palmer,16,2015-09-13,C.Palmer,CIN,2003.0,ARI,False
2015,ATL,M.Ryan,16,2015-09-14,M.Ryan,ATL,2008.0,ATL,True
2015,BAL,J.Flacco,10,2015-09-13,J.Flacco,BAL,2008.0,BAL,True
2015,BUF,T.Taylor,14,2015-09-13,T.Taylor,BAL,2011.0,BUF,False
2015,CAR,C.Newton,16,2015-09-13,C.Newton,CAR,2011.0,CAR,True
2015,CHI,J.Cutler,14,2015-09-13,J.Cutler,DEN,2006.0,CHI,False
2015,CIN,A.Dalton,12,2015-09-13,A.Dalton,CIN,2011.0,CIN,True
2015,CLE,J.Manziel,7,2015-09-13,J.Manziel,CLE,2014.0,CLE,True
2015,DAL,M.Cassel,6,2015-10-25,M.Cassel,NE,2005.0,DAL,False
2015,DEN,P.Manning,8,2015-09-13,P.Manning,IND,1998.0,DEN,False
2015,DET,M.Stafford,15,2015-09-13,M.Stafford,DET,2009.0,DET,True
2015,GB,A.Rodgers,16,2015-09-13,A.Rodgers,GB,2005.0,GB,True
2015,HOU,B.Hoyer,11,2015-09-13,B.Hoyer,,,HOU,False
2015,IND,M.Hasselbeck,8,2015-10-04,M.Hasselbeck,GB,1998.0,IND,False
2015,JAX,B.Bortles,16,2015-09-13,B.Bortles,JAX,2014.0,JAX,True
2015,KC,A.Smith,16,2015-09-13,A.Smith,SF,2005.0,KC,False
2015,LA,N.Foles,11,2015-09-13,N.Foles,PHI,2012.0,LAR,False
2015,LAC,P.Rivers,16,2015-09-13,P.Rivers,NYG,2004.0,LAC,False
2015,LV,D.Carr,15,2015-09-20,D.Carr,LV,2014.0,LV,True
2015,MIA,R.Tannehill,16,2015-09-13,R.Tannehill,MIA,2012.0,MIA,True
2015,MIN,T.Bridgewater,16,2015-09-14,T.Bridgewater,MIN,2014.0,MIN,True
2015,NE,T.Brady,16,2015-09-10,T.Brady,NE,2000.0,NE,True
2015,NO,D.Brees,15,2015-09-13,D.Brees,LAC,2001.0,NO,False
2015,NYG,E.Manning,16,2015-09-13,E.Manning,LAC,2004.0,NYG,False
2015,NYJ,R.Fitzpatrick,15,2015-09-13,R.Fitzpatrick,LAR,2005.0,NYJ,False
2015,PHI,S.Bradford,14,2015-09-14,S.Bradford,LAR,2010.0,PHI,False
2015,PIT,B.Roethlisberger,12,2015-09-10,B.Roethlisberger,PIT,2004.0,PIT,True
2015,SEA,R.Wilson,16,2015-09-13,R.Wilson,SEA,2012.0,SEA,True
2015,SF,C.Kaepernick,8,2015-09-14,C.Kaepernick,,,SF,False
2015,TB,J.Winston,16,2015-09-13,J.Winston,TB,2015.0,TB,True
2015,TEN,M.Mariota,11,2015-09-13,M.Mariota,TEN,2015.0,TEN,True
2015,WAS,K.Cousins,16,2015-09-13,K.Cousins,WAS,2012.0,WAS,True
2016,ARI,C.Palmer,15,2016-09-11,C.Palmer,CIN,2003.0,ARI,False
2016,ATL,M.Ryan,16,2016-09-11,M.Ryan,ATL,2008.0,ATL,True
2016,BAL,J.Flacco,16,2016-09-11,J.Flacco,BAL,2008.0,BAL,True
2016,BUF,T.Taylor,15,2016-09-11,T.Taylor,BAL,2011.0,BUF,False
2016,CAR,C.Newton,15,2016-09-08,C.Newton,CAR,2011.0,CAR,True
2016,CHI,M.Barkley,7,2016-10-20,M.Barkley,PHI,2013.0,CHI,False
2016,CIN,A.Dalton,16,2016-09-11,A.Dalton,CIN,2011.0,CIN,True
2016,CLE,R.Griffin,5,2016-09-11,R.Griffin,WAS,2012.0,CLE,False
2016,DAL,D.Prescott,15,2016-09-11,D.Prescott,DAL,2016.0,DAL,True
2016,DEN,T.Siemian,13,2016-09-08,T.Siemian,DEN,2015.0,DEN,True
2016,DET,M.Stafford,16,2016-09-11,M.Stafford,DET,2009.0,DET,True
2016,GB,A.Rodgers,16,2016-09-11,A.Rodgers,GB,2005.0,GB,True
2016,HOU,B.Osweiler,14,2016-09-11,B.Osweiler,DEN,2012.0,HOU,False
2016,IND,A.Luck,15,2016-09-11,A.Luck,IND,2012.0,IND,True
2016,JAX,B.Bortles,16,2016-09-11,B.Bortles,JAX,2014.0,JAX,True
2016,KC,A.Smith,14,2016-09-11,A.Smith,SF,2005.0,KC,False
2016,LA,C.Keenum,9,2016-09-12,C.Keenum,,,LAR,False
2016,LAC,P.Rivers,16,2016-09-11,P.Rivers,NYG,2004.0,LAC,False
2016,LV,D.Carr,15,2016-09-11,D.Carr,LV,2014.0,LV,True
2016,MIA,R.Tannehill,13,2016-09-11,R.Tannehill,MIA,2012.0,MIA,True
2016,MIN,S.Bradford,15,2016-09-18,S.Bradford,LAR,2010.0,MIN,False
2016,NE,T.Brady,12,2016-10-09,T.Brady,NE,2000.0,NE,True
2016,NO,D.Brees,16,2016-09-11,D.Brees,LAC,2001.0,NO,False
2016,NYG,E.Manning,16,2016-09-11,E.Manning,LAC,2004.0,NYG,False
2016,NYJ,R.Fitzpatrick,12,2016-09-11,R.Fitzpatrick,LAR,2005.0,NYJ,False
2016,PHI,C.Wentz,16,2016-09-11,C.Wentz,PHI,2016.0,PHI,True
2016,PIT,B.Roethlisberger,14,2016-09-12,B.Roethlisberger,PIT,2004.0,PIT,True
2016,SEA,R.Wilson,16,2016-09-11,R.Wilson,SEA,2012.0,SEA,True
2016,SF,C.Kaepernick,10,2016-10-16,C.Kaepernick,,,SF,False
2016,TB,J.Winston,16,2016-09-11,J.Winston,TB,2015.0,TB,True
2016,TEN,M.Mariota,14,2016-09-11,M.Mariota,TEN,2015.0,TEN,True
2016,WAS,K.Cousins,16,2016-09-12,K.Cousins,WAS,2012.0,WAS,True
2017,ARI,C.Palmer,7,2017-09-10,C.Palmer,CIN,2003.0,ARI,False
2017,ATL,M.Ryan,16,2017-09-10,M.Ryan,ATL,2008.0,ATL,True
2017,BAL,J.Flacco,16,2017-09-10,J.Flacco,BAL,2008.0,BAL,True
2017,BUF,T.Taylor,15,2017-09-10,T.Taylor,BAL,2011.0,BUF,False
2017,CAR,C.Newton,16,2017-09-10,C.Newton,CAR,2011.0,CAR,True
2017,CHI,M.Trubisky,12,2017-10-09,M.Trubisky,CHI,2017.0,CHI,True
2017,CIN,A.Dalton,16,2017-09-10,A.Dalton,CIN,2011.0,CIN,True
2017,CLE,D.Kizer,13,2017-09-10,D.Kizer,CLE,2017.0,CLE,True
2017,DAL,D.Prescott,16,2017-09-10,D.Prescott,DAL,2016.0,DAL,True
2017,DEN,T.Siemian,10,2017-09-11,T.Siemian,DEN,2015.0,DEN,True
2017,DET,M.Stafford,16,2017-09-10,M.Stafford,DET,2009.0,DET,True
2017,GB,B.Hundley,10,2017-10-15,B.Hundley,GB,2015.0,GB,True
2017,HOU,D.Watson,7,2017-09-10,D.Watson,HOU,2017.0,HOU,True
2017,IND,J.Brissett,15,2017-09-17,J.Brissett,NE,2016.0,IND,False
2017,JAX,B.Bortles,16,2017-09-10,B.Bortles,JAX,2014.0,JAX,True
2017,KC,A.Smith,15,2017-09-07,A.Smith,SF,2005.0,KC,False
2017,LA,J.Goff,15,2017-09-10,J.Goff,LAR,2016.0,LAR,True
2017,LAC,P.Rivers,16,2017-09-11,P.Rivers,NYG,2004.0,LAC,False
2017,LV,D.Carr,15,2017-09-10,D.Carr,LV,2014.0,LV,True
2017,MIA,J.Cutler,11,2017-09-17,J.Cutler,DEN,2006.0,MIA,False
2017,MIN,C.Keenum,15,2017-09-17,C.Keenum,,,MIN,False
2017,NE,T.Brady,16,2017-09-07,T.Brady,NE,2000.0,NE,True
2017,NO,D.Brees,16,2017-09-11,D.Brees,LAC,2001.0,NO,False
2017,NYG,E.Manning,15,2017-09-10,E.Manning,LAC,2004.0,NYG,False
2017,NYJ,J.McCown,13,2017-09-10,J.McCown,ARI,2002.0,NYJ,False
2017,PHI,C.Wentz,13,2017-09-10,C.Wentz,PHI,2016.0,PHI,True
2017,PIT,B.Roethlisberger,15,2017-09-10,B.Roethlisberger,PIT,2004.0,PIT,True
2017,SEA,R.Wilson,16,2017-09-10,R.Wilson,SEA,2012.0,SEA,True
2017,SF,C.Beathard,6,2017-10-15,C.Beathard,SF,2017.0,SF,True
2017,TB,J.Winston,11,2017-09-17,J.Winston,TB,2015.0,TB,True
2017,TEN,M.Mariota,14,2017-09-10,M.Mariota,TEN,2015.0,TEN,True
2017,WAS,K.Cousins,16,2017-09-10,K.Cousins,WAS,2012.0,WAS,True
2018,ARI,J.Rosen,13,2018-09-30,J.Rosen,ARI,2018.0,ARI,True
2018,ATL,M.Ryan,16,2018-09-06,M.Ryan,ATL,2008.0,ATL,True
2018,BAL,J.Flacco,9,2018-09-09,J.Flacco,BAL,2008.0,BAL,True
2018,BUF,J.Allen,11,2018-09-16,J.Allen,BUF,2018.0,BUF,True
2018,CAR,C.Newton,14,2018-09-09,C.Newton,CAR,2011.0,CAR,True
2018,CHI,M.Trubisky,14,2018-09-09,M.Trubisky,CHI,2017.0,CHI,True
2018,CIN,A.Dalton,10,2018-09-09,A.Dalton,CIN,2011.0,CIN,True
2018,CLE,B.Mayfield,14,2018-09-20,B.Mayfield,CLE,2018.0,CLE,True
2018,DAL,D.Prescott,16,2018-09-09,D.Prescott,DAL,2016.0,DAL,True
2018,DEN,C.Keenum,16,2018-09-09,C.Keenum,,,DEN,False
2018,DET,M.Stafford,16,2018-09-10,M.Stafford,DET,2009.0,DET,True
2018,GB,A.Rodgers,15,2018-09-09,A.Rodgers,GB,2005.0,GB,True
2018,HOU,D.Watson,16,2018-09-09,D.Watson,HOU,2017.0,HOU,True
2018,IND,A.Luck,16,2018-09-09,A.Luck,IND,2012.0,IND,True
2018,JAX,B.Bortles,11,2018-09-09,B.Bortles,JAX,2014.0,JAX,True
2018,KC,P.Mahomes,16,2018-09-09,P.Mahomes,KC,2017.0,KC,True
2018,LA,J.Goff,16,2018-09-10,J.Goff,LAR,2016.0,LAR,True
2018,LAC,P.Rivers,16,2018-09-09,P.Rivers,NYG,2004.0,LAC,False
2018,LV,D.Carr,16,2018-09-10,D.Carr,LV,2014.0,LV,True
2018,MIA,R.Tannehill,11,2018-09-09,R.Tannehill,MIA,2012.0,MIA,True
2018,MIN,K.Cousins,16,2018-09-09,K.Cousins,WAS,2012.0,MIN,False
2018,NE,T.Brady,16,2018-09-09,T.Brady,NE,2000.0,NE,True
2018,NO,D.Brees,15,2018-09-09,D.Brees,LAC,2001.0,NO,False
2018,NYG,E.Manning,16,2018-09-09,E.Manning,LAC,2004.0,NYG,False
2018,NYJ,S.Darnold,13,2018-09-10,S.Darnold,,,NYJ,False
2018,PHI,C.Wentz,11,2018-09-23,C.Wentz,PHI,2016.0,PHI,True
2018,PIT,B.Roethlisberger,16,2018-09-09,B.Roethlisberger,PIT,2004.0,PIT,True
2018,SEA,R.Wilson,16,2018-09-09,R.Wilson,SEA,2012.0,SEA,True
2018,SF,N.Mullens,8,2018-11-01,N.Mullens,,,SF,False
2018,TB,J.Winston,10,2018-09-30,J.Winston,TB,2015.0,TB,True
2018,TEN,M.Mariota,12,2018-09-23,M.Mariota,TEN,2015.0,TEN,True
2018,WAS,A.Smith,10,2018-09-09,A.Smith,SF,2005.0,WAS,False
2019,ARI,K.Murray,16,2019-09-08,K.Murray,ARI,2019.0,ARI,True
2019,ATL,M.Ryan,15,2019-09-08,M.Ryan,ATL,2008.0,ATL,True
2019,BAL,L.Jackson,15,2019-09-08,L.Jackson,BAL,2018.0,BAL,True
2019,BUF,J.Allen,12,2019-09-08,J.Allen,BUF,2018.0,BUF,True
2019,CAR,K.Allen,13,2019-09-22,K.Allen,,,CAR,False
2019,CHI,M.Trubisky,14,2019-09-05,M.Trubisky,CHI,2017.0,CHI,True
2019,CIN,A.Dalton,13,2019-09-08,A.Dalton,CIN,2011.0,CIN,True
2019,CLE,B.Mayfield,16,2019-09-08,B.Mayfield,CLE,2018.0,CLE,True
2019,DAL,D.Prescott,16,2019-09-08,D.Prescott,DAL,2016.0,DAL,True
2019,DEN,J.Flacco,8,2019-09-09,J.Flacco,BAL,2008.0,DEN,False
2019,DET,M.Stafford,8,2019-09-08,M.Stafford,DET,2009.0,DET,True
2019,GB,A.Rodgers,16,2019-09-05,A.Rodgers,GB,2005.0,GB,True
2019,HOU,D.Watson,15,2019-09-09,D.Watson,HOU,2017.0,HOU,True
2019,IND,J.Brissett,14,2019-09-08,J.Brissett,NE,2016.0,IND,False
2019,JAX,G.Minshew II,8,2019-10-20,G.Minshew II,,,JAX,False
2019,KC,P.Mahomes,13,2019-09-08,P.Mahomes,KC,2017.0,KC,True
2019,LA,J.Goff,16,2019-09-08,J.Goff,LAR,2016.0,LAR,True
2019,LAC,P.Rivers,16,2019-09-08,P.Rivers,NYG,2004.0,LAC,False
2019,LV,D.Carr,16,2019-09-09,D.Carr,LV,2014.0,LV,True
2019,MIA,R.Fitzpatrick,13,2019-09-08,R.Fitzpatrick,LAR,2005.0,MIA,False
2019,MIN,K.Cousins,15,2019-09-08,K.Cousins,WAS,2012.0,MIN,False
2019,NE,T.Brady,16,2019-09-08,T.Brady,NE,2000.0,NE,True
2019,NO,D.Brees,10,2019-09-09,D.Brees,LAC,2001.0,NO,False
2019,NYG,D.Jones,12,2019-09-22,D.Jones,NYG,2019.0,NYG,True
2019,NYJ,S.Darnold,13,2019-09-08,S.Darnold,,,NYJ,False
2019,PHI,C.Wentz,16,2019-09-08,C.Wentz,PHI,2016.0,PHI,True
2019,PIT,M.Rudolph,10,2019-09-15,M.Rudolph,PIT,2018.0,PIT,True
2019,SEA,R.Wilson,16,2019-09-08,R.Wilson,SEA,2012.0,SEA,True
2019,SF,J.Garoppolo,16,2019-09-08,J.Garoppolo,NE,2014.0,SF,False
2019,TB,J.Winston,16,2019-09-08,J.Winston,TB,2015.0,TB,True
2019,TEN,R.Tannehill,10,2019-10-20,R.Tannehill,MIA,2012.0,TEN,False
2019,WAS,C.Keenum,8,2019-09-08,C.Keenum,,,WAS,False
2020,ARI,K.Murray,15,2020-09-13,K.Murray,ARI,2019.0,ARI,True
2020,ATL,M.Ryan,16,2020-09-13,M.Ryan,ATL,2008.0,ATL,True
2020,BAL,L.Jackson,15,2020-09-13,L.Jackson,BAL,2018.0,BAL,True
2020,BUF,J.Allen,16,2020-09-13,J.Allen,BUF,2018.0,BUF,True
2020,CAR,T.Bridgewater,15,2020-09-13,T.Bridgewater,MIN,2014.0,CAR,False
2020,CHI,M.Trubisky,8,2020-09-13,M.Trubisky,CHI,2017.0,CHI,True
2020,CIN,J.Burrow,10,2020-09-13,J.Burrow,CIN,2020.0,CIN,True
2020,CLE,B.Mayfield,16,2020-09-13,B.Mayfield,CLE,2018.0,CLE,True
2020,DAL,A.Dalton,9,2020-10-19,A.Dalton,CIN,2011.0,DAL,False
2020,DEN,D.Lock,12,2020-09-14,D.Lock,DEN,2019.0,DEN,True
2020,DET,M.Stafford,15,2020-09-13,M.Stafford,DET,2009.0,DET,True
2020,GB,A.Rodgers,16,2020-09-13,A.Rodgers,GB,2005.0,GB,True
2020,HOU,D.Watson,16,2020-09-10,D.Watson,HOU,2017.0,HOU,True
2020,IND,P.Rivers,16,2020-09-13,P.Rivers,NYG,2004.0,IND,False
2020,JAX,G.Minshew II,6,2020-10-04,G.Minshew II,,,JAX,False
2020,KC,P.Mahomes,15,2020-09-10,P.Mahomes,KC,2017.0,KC,True
2020,LA,J.Goff,15,2020-09-13,J.Goff,LAR,2016.0,LAR,True
2020,LAC,J.Herbert,15,2020-09-20,J.Herbert,LAC,2020.0,LAC,True
2020,LV,D.Carr,15,2020-09-13,D.Carr,LV,2014.0,LV,True
2020,MIA,T.Tagovailoa,9,2020-11-01,T.Tagovailoa,MIA,2020.0,MIA,True
2020,MIN,K.Cousins,16,2020-09-13,K.Cousins,WAS,2012.0,MIN,False
2020,NE,C.Newton,14,2020-09-13,C.Newton,CAR,2011.0,NE,False
2020,NO,D.Brees,12,2020-09-13,D.Brees,LAC,2001.0,NO,False
2020,NYG,D.Jones,14,2020-09-14,D.Jones,NYG,2019.0,NYG,True
2020,NYJ,S.Darnold,12,2020-09-13,S.Darnold,,,NYJ,False
2020,PHI,C.Wentz,12,2020-09-13,C.Wentz,PHI,2016.0,PHI,True
2020,PIT,B.Roethlisberger,15,2020-09-14,B.Roethlisberger,PIT,2004.0,PIT,True
2020,SEA,R.Wilson,16,2020-09-13,R.Wilson,SEA,2012.0,SEA,True
2020,SF,N.Mullens,9,2020-09-27,N.Mullens,,,SF,False
2020,TB,T.Brady,16,2020-09-13,T.Brady,NE,2000.0,TB,False
2020,TEN,R.Tannehill,16,2020-09-14,R.Tannehill,MIA,2012.0,TEN,False
2020,WAS,A.Smith,8,2020-10-11,A.Smith,SF,2005.0,WAS,False
2021,ARI,K.Murray,14,2021-09-12,K.Murray,ARI,2019.0,ARI,True
2021,ATL,M.Ryan,17,2021-09-12,M.Ryan,ATL,2008.0,ATL,True
2021,BAL,L.Jackson,11,2021-09-13,L.Jackson,BAL,2018.0,BAL,True
2021,BUF,J.Allen,16,2021-09-12,J.Allen,BUF,2018.0,BUF,True
2021,CAR,S.Darnold,12,2021-09-12,S.Darnold,,,CAR,False
2021,CHI,J.Fields,10,2021-09-19,J.Fields,CHI,2021.0,CHI,True
2021,CIN,J.Burrow,16,2021-09-12,J.Burrow,CIN,2020.0,CIN,True
2021,CLE,B.Mayfield,14,2021-09-12,B.Mayfield,CLE,2018.0,CLE,True
2021,DAL,D.Prescott,16,2021-09-09,D.Prescott,DAL,2016.0,DAL,True
2021,DEN,T.Bridgewater,13,2021-09-12,T.Bridgewater,MIN,2014.0,DEN,False
2021,DET,J.Goff,14,2021-09-12,J.Goff,LAR,2016.0,DET,False
2021,GB,Aa.Rodgers,8,2021-09-12,Aa.Rodgers,GB,2005.0,GB,True
2021,HOU,D.Mills,13,2021-09-19,D.Mills,HOU,2021.0,HOU,True
2021,IND,C.Wentz,17,2021-09-12,C.Wentz,PHI,2016.0,IND,False
2021,JAX,T.Lawrence,17,2021-09-12,T.Lawrence,JAX,2021.0,JAX,True
2021,KC,P.Mahomes,17,2021-09-12,P.Mahomes,KC,2017.0,KC,True
2021,LA,M.Stafford,17,2021-09-12,M.Stafford,DET,2009.0,LAR,False
2021,LAC,J.Herbert,17,2021-09-12,J.Herbert,LAC,2020.0,LAC,True
2021,LV,D.Carr,17,2021-09-13,D.Carr,LV,2014.0,LV,True
2021,MIA,T.Tagovailoa,11,2021-09-12,T.Tagovailoa,MIA,2020.0,MIA,True
2021,MIN,K.Cousins,16,2021-09-12,K.Cousins,WAS,2012.0,MIN,False
2021,NE,M.Jones,17,2021-09-12,M.Jones,NE,2021.0,NE,True
2021,NO,J.Winston,6,2021-09-12,J.Winston,TB,2015.0,NO,False
2021,NYG,D.Jones,10,2021-09-12,D.Jones,NYG,2019.0,NYG,True
2021,NYJ,Z.Wilson,12,2021-09-12,Z.Wilson,NYJ,2021.0,NYJ,True
2021,PHI,J.Hurts,15,2021-09-12,J.Hurts,PHI,2020.0,PHI,True
2021,PIT,B.Roethlisberger,16,2021-09-12,B.Roethlisberger,PIT,2004.0,PIT,True
2021,SEA,R.Wilson,14,2021-09-12,R.Wilson,SEA,2012.0,SEA,True
2021,SF,J.Garoppolo,15,2021-09-12,J.Garoppolo,NE,2014.0,SF,False
2021,TB,T.Brady,17,2021-09-09,T.Brady,NE,2000.0,TB,False
2021,TEN,R.Tannehill,17,2021-09-12,R.Tannehill,MIA,2012.0,TEN,False
2021,WAS,T.Heinicke,16,2021-09-12,T.Heinicke,,,WAS,False
2022,ARI,K.Murray,10,2022-09-11,K.Murray,ARI,2019.0,ARI,True
2022,ATL,M.Mariota,13,2022-09-11,M.Mariota,TEN,2015.0,ATL,False
2022,BAL,L.Jackson,11,2022-09-11,L.Jackson,BAL,2018.0,BAL,True
2022,BUF,J.Allen,16,2022-09-08,J.Allen,BUF,2018.0,BUF,True
2022,CAR,B.Mayfield,7,2022-09-11,B.Mayfield,CLE,2018.0,CAR,False
2022,CHI,J.Fields,15,2022-09-11,J.Fields,CHI,2021.0,CHI,True
2022,CIN,J.Burrow,16,2022-09-11,J.Burrow,CIN,2020.0,CIN,True
2022,CLE,J.Brissett,11,2022-09-11,J.Brissett,NE,2016.0,CLE,False
2022,DAL,D.Prescott,12,2022-09-11,D.Prescott,DAL,2016.0,DAL,True
2022,DEN,R.Wilson,15,2022-09-12,R.Wilson,SEA,2012.0,DEN,False
2022,DET,J.Goff,17,2022-09-11,J.Goff,LAR,2016.0,DET,False
2022,GB,A.Rodgers,17,2022-09-11,A.Rodgers,GB,2005.0,GB,True
2022,HOU,D.Mills,15,2022-09-11,D.Mills,HOU,2021.0,HOU,True
2022,IND,M.Ryan,12,2022-09-11,M.Ryan,ATL,2008.0,IND,False
2022,JAX,T.Lawrence,17,2022-09-11,T.Lawrence,JAX,2021.0,JAX,True
2022,KC,P.Mahomes,17,2022-09-11,P.Mahomes,KC,2017.0,KC,True
2022,LA,M.Stafford,9,2022-09-08,M.Stafford,DET,2009.0,LAR,False
2022,LAC,J.Herbert,17,2022-09-11,J.Herbert,LAC,2020.0,LAC,True
2022,LV,D.Carr,15,2022-09-11,D.Carr,LV,2014.0,LV,True
2022,MIA,T.Tagovailoa,12,2022-09-11,T.Tagovailoa,MIA,2020.0,MIA,True
2022,MIN,K.Cousins,17,2022-09-11,K.Cousins,WAS,2012.0,MIN,False
2022,NE,M.Jones,13,2022-09-11,M.Jones,NE,2021.0,NE,True
2022,NO,A.Dalton,14,2022-10-02,A.Dalton,CIN,2011.0,NO,False
2022,NYG,D.Jones,16,2022-09-11,D.Jones,NYG,2019.0,NYG,True
2022,NYJ,Z.Wilson,9,2022-10-02,Z.Wilson,NYJ,2021.0,NYJ,True
2022,PHI,J.Hurts,15,2022-09-11,J.Hurts,PHI,2020.0,PHI,True
2022,PIT,K.Pickett,11,2022-10-09,K.Pickett,PIT,2022.0,PIT,True
2022,SEA,G.Smith,17,2022-09-12,G.Smith,NYJ,2013.0,SEA,False
2022,SF,J.Garoppolo,10,2022-09-18,J.Garoppolo,NE,2014.0,SF,False
2022,TB,T.Brady,17,2022-09-11,T.Brady,NE,2000.0,TB,False
2022,TEN,R.Tannehill,12,2022-09-11,R.Tannehill,MIA,2012.0,TEN,False
2022,WAS,T.Heinicke,9,2022-10-23,T.Heinicke,,,WAS,False
2023,ARI,J.Dobbs,8,2023-09-10,J.Dobbs,PIT,2017.0,ARI,False
2023,ATL,D.Ridder,12,2023-09-10,D.Ridder,ATL,2022.0,ATL,True
2023,BAL,L.Jackson,16,2023-09-10,L.Jackson,BAL,2018.0,BAL,True
2023,BUF,J.Allen,17,2023-09-11,J.Allen,BUF,2018.0,BUF,True
2023,CAR,B.Young,16,2023-09-10,B.Young,CAR,2023.0,CAR,True
2023,CHI,J.Fields,12,2023-09-10,J.Fields,CHI,2021.0,CHI,True
2023,CIN,J.Burrow,10,2023-09-10,J.Burrow,CIN,2020.0,CIN,True
2023,CLE,D.Watson,5,2023-09-10,D.Watson,HOU,2017.0,CLE,False
2023,DAL,D.Prescott,17,2023-09-10,D.Prescott,DAL,2016.0,DAL,True
2023,DEN,R.Wilson,15,2023-09-10,R.Wilson,SEA,2012.0,DEN,False
2023,DET,J.Goff,17,2023-09-07,J.Goff,LAR,2016.0,DET,False
2023,GB,J.Love,17,2023-09-10,J.Love,GB,2020.0,GB,True
2023,HOU,C.Stroud,15,2023-09-10,C.Stroud,HOU,2023.0,HOU,True
2023,IND,G.Minshew,15,2023-09-17,G.Minshew,JAX,2019.0,IND,False
2023,JAX,T.Lawrence,16,2023-09-10,T.Lawrence,JAX,2021.0,JAX,True
2023,KC,P.Mahomes,16,2023-09-07,P.Mahomes,KC,2017.0,KC,True
2023,LA,M.Stafford,15,2023-09-10,M.Stafford,DET,2009.0,LAR,False
2023,LAC,J.Herbert,12,2023-09-10,J.Herbert,LAC,2020.0,LAC,True
2023,LV,A.O'Connell,10,2023-10-01,A.O'Connell,LV,2023.0,LV,True
2023,MIA,T.Tagovailoa,17,2023-09-10,T.Tagovailoa,MIA,2020.0,MIA,True
2023,MIN,K.Cousins,8,2023-09-10,K.Cousins,WAS,2012.0,MIN,False
2023,NE,M.Jones,11,2023-09-10,M.Jones,NE,2021.0,NE,True
2023,NO,D.Carr,16,2023-09-10,D.Carr,LV,2014.0,NO,False
2023,NYG,T.DeVito,8,2023-10-29,T.DeVito,,,NYG,False
2023,NYJ,Z.Wilson,11,2023-09-11,Z.Wilson,NYJ,2021.0,NYJ,True
2023,PHI,J.Hurts,16,2023-09-10,J.Hurts,PHI,2020.0,PHI,True
2023,PIT,K.Pickett,10,2023-09-10,K.Pickett,PIT,2022.0,PIT,True
2023,SEA,G.Smith,15,2023-09-10,G.Smith,NYJ,2013.0,SEA,False
2023,SF,B.Purdy,16,2023-09-10,B.Purdy,SF,2022.0,SF,True
2023,TB,B.Mayfield,17,2023-09-10,B.Mayfield,CLE,2018.0,TB,False
2023,TEN,R.Tannehill,9,2023-09-10,R.Tannehill,MIA,2012.0,TEN,False
2023,WAS,S.Howell,17,2023-09-10,S.Howell,WAS,2022.0,WAS,True
2024,ARI,K.Murray,17,2024-09-08,K.Murray,ARI,2019.0,ARI,True
2024,ATL,K.Cousins,14,2024-09-08,K.Cousins,WAS,2012.0,ATL,False
2024,BAL,L.Jackson,17,2024-09-05,L.Jackson,BAL,2018.0,BAL,True
2024,BUF,J.Allen,16,2024-09-08,J.Allen,BUF,2018.0,BUF,True
2024,CAR,B.Young,12,2024-09-08,B.Young,CAR,2023.0,CAR,True
2024,CHI,C.Williams,17,2024-09-08,C.Williams,CHI,2024.0,CHI,True
2024,CIN,J.Burrow,17,2024-09-08,J.Burrow,CIN,2020.0,CIN,True
2024,CLE,J.Winston,7,2024-10-27,J.Winston,TB,2015.0,CLE,False
2024,DAL,D.Prescott,8,2024-09-08,D.Prescott,DAL,2016.0,DAL,True
2024,DEN,B.Nix,17,2024-09-08,B.Nix,DEN,2024.0,DEN,True
2024,DET,J.Goff,17,2024-09-08,J.Goff,LAR,2016.0,DET,False
2024,GB,J.Love,14,2024-09-06,J.Love,GB,2020.0,GB,True
2024,HOU,C.Stroud,16,2024-09-08,C.Stroud,HOU,2023.0,HOU,True
2024,IND,A.Richardson,10,2024-09-08,A.Richardson,IND,2023.0,IND,True
2024,JAX,T.Lawrence,9,2024-09-08,T.Lawrence,JAX,2021.0,JAX,True
2024,KC,P.Mahomes,16,2024-09-05,P.Mahomes,KC,2017.0,KC,True
2024,LA,M.Stafford,16,2024-09-08,M.Stafford,DET,2009.0,LAR,False
2024,LAC,J.Herbert,17,2024-09-08,J.Herbert,LAC,2020.0,LAC,True
2024,LV,G.Minshew,8,2024-09-08,G.Minshew,JAX,2019.0,LV,False
2024,MIA,T.Tagovailoa,11,2024-09-08,T.Tagovailoa,MIA,2020.0,MIA,True
2024,MIN,S.Darnold,17,2024-09-08,S.Darnold,,,MIN,False
2024,NE,D.Maye,10,2024-10-13,D.Maye,NE,2024.0,NE,True
2024,NO,D.Carr,10,2024-09-08,D.Carr,LV,2014.0,NO,False
2024,NYG,D.Jones,10,2024-09-08,D.Jones,NYG,2019.0,NYG,True
2024,NYJ,A.Rodgers,17,2024-09-09,A.Rodgers,GB,2005.0,NYJ,False
2024,PHI,J.Hurts,14,2024-09-06,J.Hurts,PHI,2020.0,PHI,True
2024,PIT,R.Wilson,11,2024-10-20,R.Wilson,SEA,2012.0,PIT,False
2024,SEA,G.Smith,17,2024-09-08,G.Smith,NYJ,2013.0,SEA,False
2024,SF,B.Purdy,15,2024-09-09,B.Purdy,SF,2022.0,SF,True
2024,TB,B.Mayfield,17,2024-09-08,B.Mayfield,CLE,2018.0,TB,False
2024,TEN,W.Levis,10,2024-09-08,W.Levis,TEN,2023.0,TEN,True
2024,WAS,J.Daniels,15,2024-09-08,J.Daniels,WAS,2024.0,WAS,True
