season,posteam,primary_qb_id,primary_qb_name,primary_starts,first_start_week,is_primary_season_starter
2006,ARI,00-0024225,M.Leinart,10,5,True
2006,ATL,00-0020245,M.Vick,15,1,True
2006,BAL,00-0011024,S.McNair,15,1,True
2006,BUF,00-0022912,J.Losman,16,1,True
2006,CAR,00-0004161,J.Delhomme,13,1,True
2006,CHI,00-0022121,R.Grossman,18,1,True
2006,CIN,00-0021429,C.Palmer,16,1,True
2006,CLE,00-0023502,C.Frye,12,1,True
2006,DAL,00-0021678,T.Romo,12,7,True
2006,DEN,00-0013042,J.Plummer,11,1,True
2006,DET,00-0009311,J.Kitna,16,1,True
2006,GB,00-0005106,B.Favre,16,1,True
2006,HOU,00-0020608,D.Carr,15,1,True
2006,IND,00-0010346,P.Manning,20,1,True
2006,JAX,00-0021231,D.Garrard,9,8,True
2006,KC,00-0007835,D.Huard,9,1,True
2006,LA,00-0019599,M.Bulger,16,1,True
2006,LAC,00-0022942,P.Rivers,17,1,True
2006,LV,00-0023504,A.Walter,9,2,True
2006,MIA,00-0021141,J.Harrington,10,5,True
2006,MIN,00-0008442,B.Johnson,13,1,True
2006,NE,00-0019596,T.Brady,19,1,True
2006,NO,00-0020531,D.Brees,17,1,True
2006,NYG,00-0022803,E.Manning,17,1,True
2006,NYJ,00-0019559,C.Pennington,17,1,True
2006,PHI,00-0011022,D.McNabb,9,1,True
2006,PIT,00-0022924,B.Roethlisberger,15,2,True
2006,SEA,00-0007091,M.Hasselbeck,13,1,True
2006,SF,00-0023436,A.Smith,16,1,True
2006,TB,00-0024408,B.Gradkowski,10,5,True
2006,TEN,00-0024218,V.Young,14,2,True
2006,WAS,00-0002110,M.Brunell,9,1,True
2007,ARI,00-0017200,K.Warner,12,4,True
2007,ATL,00-0021141,J.Harrington,10,1,True
2007,BAL,00-0022164,K.Boller,8,2,True
2007,BUF,00-0025479,T.Edwards,10,3,True
2007,CAR,00-0020608,D.Carr,5,4,True
2007,CHI,00-0022121,R.Grossman,7,1,True
2007,CIN,00-0021429,C.Palmer,16,1,True
2007,CLE,00-0023645,D.Anderson,16,1,True
2007,DAL,00-0021678,T.Romo,17,1,True
2007,DEN,00-0024226,J.Cutler,15,1,True
2007,DET,00-0009311,J.Kitna,16,1,True
2007,GB,00-0005106,B.Favre,16,1,True
2007,HOU,00-0022787,M.Schaub,8,1,True
2007,IND,00-0010346,P.Manning,16,1,True
2007,JAX,00-0021231,D.Garrard,13,1,True
2007,KC,00-0007835,D.Huard,10,1,True
2007,LA,00-0019599,M.Bulger,11,1,True
2007,LAC,00-0022942,P.Rivers,19,1,True
2007,LV,00-0021206,J.McCown,8,1,True
2007,MIA,00-0020565,C.Lemon,9,5,True
2007,MIN,00-0024279,T.Jackson,12,1,True
2007,NE,00-0019596,T.Brady,19,1,True
2007,NO,00-0020531,D.Brees,16,1,True
2007,NYG,00-0022803,E.Manning,20,1,True
2007,NYJ,00-0019559,C.Pennington,9,1,True
2007,PHI,00-0011022,D.McNabb,13,1,True
2007,PIT,00-0022924,B.Roethlisberger,16,1,True
2007,SEA,00-0007091,M.Hasselbeck,18,1,True
2007,SF,00-0023436,A.Smith,6,1,True
2007,TB,00-0005755,J.Garcia,12,1,True
2007,TEN,00-0024218,V.Young,15,1,True
2007,WAS,00-0023460,J.Campbell,12,1,True
2008,ARI,00-0017200,K.Warner,20,1,True
2008,ATL,00-0026143,M.Ryan,17,1,True
2008,BAL,00-0026158,J.Flacco,19,1,True
2008,BUF,00-0025479,T.Edwards,13,1,True
2008,CAR,00-0004161,J.Delhomme,17,1,True
2008,CHI,00-0023541,K.Orton,14,1,True
2008,CIN,00-0023682,R.Fitzpatrick,12,4,True
2008,CLE,00-0023645,D.Anderson,9,1,True
2008,DAL,00-0021678,T.Romo,13,1,True
2008,DEN,00-0024226,J.Cutler,16,1,True
2008,DET,00-0023578,D.Orlovsky,8,5,True
2008,GB,00-0023459,A.Rodgers,16,1,True
2008,HOU,00-0022787,M.Schaub,10,1,True
2008,IND,00-0010346,P.Manning,16,1,True
2008,JAX,00-0021231,D.Garrard,16,1,True
2008,KC,00-0025604,T.Thigpen,12,2,True
2008,LA,00-0019599,M.Bulger,14,1,True
2008,LAC,00-0022942,P.Rivers,18,1,True
2008,LV,00-0025388,J.Russell,14,1,True
2008,MIA,00-0019559,C.Pennington,17,1,True
2008,MIN,00-0005589,G.Frerotte,11,3,True
2008,NE,00-0023662,M.Cassel,16,1,True
2008,NO,00-0020531,D.Brees,16,1,True
2008,NYG,00-0022803,E.Manning,17,1,True
2008,NYJ,00-0005106,B.Favre,16,1,True
2008,PHI,00-0011022,D.McNabb,18,1,True
2008,PIT,00-0022924,B.Roethlisberger,19,1,True
2008,SEA,00-0022055,S.Wallace,8,7,True
2008,SF,00-0020679,S.Hill,9,8,True
2008,TB,00-0005755,J.Garcia,11,1,True
2008,TEN,00-0003292,K.Collins,15,2,True
2008,WAS,00-0023460,J.Campbell,16,1,True
2009,ARI,00-0017200,K.Warner,16,1,True
2009,ATL,00-0026143,M.Ryan,13,1,True
2009,BAL,00-0026158,J.Flacco,18,1,True
2009,BUF,00-0023682,R.Fitzpatrick,9,6,True
2009,CAR,00-0004161,J.Delhomme,11,1,True
2009,CHI,00-0024226,J.Cutler,16,1,True
2009,CIN,00-0021429,C.Palmer,17,1,True
2009,CLE,00-0025409,B.Quinn,8,1,True
2009,DAL,00-0021678,T.Romo,18,1,True
2009,DEN,00-0023541,K.Orton,16,1,True
2009,DET,00-0026498,M.Stafford,10,1,True
2009,GB,00-0023459,A.Rodgers,17,1,True
2009,HOU,00-0022787,M.Schaub,16,1,True
2009,IND,00-0010346,P.Manning,18,1,True
2009,JAX,00-0021231,D.Garrard,16,1,True
2009,KC,00-0023662,M.Cassel,15,2,True
2009,LA,00-0019599,M.Bulger,7,1,True
2009,LAC,00-0022942,P.Rivers,16,1,True
2009,LV,00-0025388,J.Russell,8,1,True
2009,MIA,00-0026197,C.Henne,14,3,True
2009,MIN,00-0005106,B.Favre,18,1,True
2009,NE,00-0019596,T.Brady,17,1,True
2009,NO,00-0020531,D.Brees,18,1,True
2009,NYG,00-0022803,E.Manning,15,1,True
2009,NYJ,00-0026898,M.Sanchez,18,1,True
2009,PHI,00-0011022,D.McNabb,15,1,True
2009,PIT,00-0022924,B.Roethlisberger,15,1,True
2009,SEA,00-0007091,M.Hasselbeck,13,1,True
2009,SF,00-0023436,A.Smith,11,7,True
2009,TB,00-0026993,J.Freeman,9,9,True
2009,TEN,00-0024218,V.Young,9,8,True
2009,WAS,00-0023460,J.Campbell,16,1,True
2010,ARI,00-0023645,D.Anderson,9,1,True
2010,ATL,00-0026143,M.Ryan,16,1,True
2010,BAL,00-0026158,J.Flacco,18,1,True
2010,BUF,00-0023682,R.Fitzpatrick,13,3,True
2010,CAR,00-0027659,J.Clausen,11,3,True
2010,CHI,00-0024226,J.Cutler,16,1,True
2010,CIN,00-0021429,C.Palmer,16,1,True
2010,CLE,00-0027688,C.McCoy,8,6,True
2010,DAL,00-0009311,J.Kitna,10,7,True
2010,DEN,00-0023541,K.Orton,13,1,True
2010,DET,00-0020679,Sh.Hill,9,2,True
2010,GB,00-0023459,A.Rodgers,18,1,True
2010,HOU,00-0022787,M.Schaub,16,1,True
2010,IND,00-0010346,P.Manning,17,1,True
2010,JAX,00-0021231,D.Garrard,13,1,True
2010,KC,00-0023662,M.Cassel,16,1,True
2010,LA,00-0027854,S.Bradford,16,1,True
2010,LAC,00-0022942,P.Rivers,16,1,True
2010,LV,00-0023460,J.Campbell,11,1,True
2010,MIA,00-0026197,C.Henne,14,1,True
2010,MIN,00-0005106,B.Favre,11,1,True
2010,NE,00-0019596,T.Brady,17,1,True
2010,NO,00-0020531,D.Brees,17,1,True
2010,NYG,00-0022803,E.Manning,16,1,True
2010,NYJ,00-0026898,M.Sanchez,18,1,True
2010,PHI,00-0020245,M.Vick,12,1,True
2010,PIT,00-0022924,B.Roethlisberger,15,6,True
2010,SEA,00-0007091,M.Hasselbeck,15,1,True
2010,SF,00-0023436,A.Smith,10,1,True
2010,TB,00-0026993,J.Freeman,16,1,True
2010,TEN,00-0003292,K.Collins,8,2,True
2010,WAS,00-0011022,D.McNabb,13,1,True
2011,ARI,00-0025423,K.Kolb,8,1,True
2011,ATL,00-0026143,M.Ryan,16,1,True
2011,BAL,00-0026158,J.Flacco,18,1,True
2011,BUF,00-0023682,R.Fitzpatrick,16,1,True
2011,CAR,00-0027939,C.Newton,16,1,True
2011,CHI,00-0024226,J.Cutler,10,1,True
2011,CIN,00-0027973,A.Dalton,17,1,True
2011,CLE,00-0027688,C.McCoy,13,1,True
2011,DAL,00-0021678,T.Romo,15,1,True
2011,DEN,00-0027876,T.Tebow,13,7,True
2011,DET,00-0026498,M.Stafford,17,1,True
2011,GB,00-0023459,A.Rodgers,16,1,True
2011,HOU,00-0022787,M.Schaub,10,1,True
2011,IND,00-0027134,C.Painter,8,4,True
2011,JAX,00-0027948,B.Gabbert,14,3,True
2011,KC,00-0023662,M.Cassel,9,1,True
2011,LA,00-0027854,S.Bradford,10,1,True
2011,LAC,00-0022942,P.Rivers,16,1,True
2011,LV,00-0021429,C.Palmer,9,9,True
2011,MIA,00-0025708,M.Moore,13,4,True
2011,MIN,00-0027950,C.Ponder,8,7,True
2011,NE,00-0019596,T.Brady,19,1,True
2011,NO,00-0020531,D.Brees,18,1,True
2011,NYG,00-0022803,E.Manning,20,1,True
2011,NYJ,00-0026898,M.Sanchez,16,1,True
2011,PHI,00-0020245,M.Vick,13,1,True
2011,PIT,00-0022924,B.Roethlisberger,16,1,True
2011,SEA,00-0024279,T.Jackson,15,1,True
2011,SF,00-0023436,Alex Smith,16,1,True
2011,TB,00-0026993,J.Freeman,15,1,True
2011,TEN,00-0007091,M.Hasselbeck,15,1,True
2011,WAS,00-0022121,R.Grossman,13,1,True
2012,ARI,00-0027754,J.Skelton,5,1,True
2012,ATL,00-0026143,M.Ryan,18,1,True
2012,BAL,00-0026158,J.Flacco,19,1,True
2012,BUF,00-0023682,R.Fitzpatrick,16,1,True
2012,CAR,00-0027939,C.Newton,16,1,True
2012,CHI,00-0024226,J.Cutler,14,1,True
2012,CIN,00-0027973,A.Dalton,17,1,True
2012,CLE,00-0029677,B.Weeden,15,1,True
2012,DAL,00-0021678,T.Romo,16,1,True
2012,DEN,00-0010346,P.Manning,17,1,True
2012,DET,00-0026498,M.Stafford,16,1,True
2012,GB,00-0023459,A.Rodgers,18,1,True
2012,HOU,00-0022787,M.Schaub,18,1,True
2012,IND,00-0029668,A.Luck,17,1,True
2012,JAX,00-0027948,B.Gabbert,8,1,True
2012,KC,00-0023662,M.Cassel,8,1,True
2012,LA,00-0027854,S.Bradford,16,1,True
2012,LAC,00-0022942,P.Rivers,16,1,True
2012,LV,00-0021429,C.Palmer,14,1,True
2012,MIA,00-0029701,R.Tannehill,15,1,True
2012,MIN,00-0027950,C.Ponder,16,1,True
2012,NE,00-0019596,T.Brady,18,1,True
2012,NO,00-0020531,D.Brees,16,1,True
2012,NYG,00-0022803,E.Manning,16,1,True
2012,NYJ,00-0026898,M.Sanchez,15,1,True
2012,PHI,00-0020245,M.Vick,9,1,True
2012,PIT,00-0022924,B.Roethlisberger,13,1,True
2012,SEA,00-0029263,R.Wilson,18,1,True
2012,SF,00-0027974,C.Kaepernick,11,10,True
2012,TB,00-0026993,J.Freeman,16,1,True
2012,TEN,00-0027946,J.Locker,10,1,True
2012,WAS,00-0029665,R.Griffin,16,1,True
2013,ARI,00-0021429,C.Palmer,16,1,True
2013,ATL,00-0026143,M.Ryan,16,1,True
2013,BAL,00-0026158,J.Flacco,16,1,True
2013,BUF,00-0030526,E.Manuel,10,1,True
2013,CAR,00-0027939,C.Newton,17,1,True
2013,CHI,00-0024226,J.Cutler,10,1,True
2013,CIN,00-0027973,A.Dalton,17,1,True
2013,CLE,00-0029677,B.Weeden,7,1,True
2013,DAL,00-0021678,T.Romo,15,1,True
2013,DEN,00-0010346,P.Manning,19,1,True
2013,DET,00-0026498,M.Stafford,16,1,True
2013,GB,00-0023459,A.Rodgers,9,1,True
2013,HOU,00-0022787,M.Schaub,9,1,True
2013,IND,00-0029668,A.Luck,18,1,True
2013,JAX,00-0026197,C.Henne,13,2,True
2013,KC,00-0023436,A.Smith,16,1,True
2013,LA,00-0024264,K.Clemens,9,8,True
2013,LAC,00-0022942,P.Rivers,18,1,True
2013,LV,00-0028825,T.Pryor,9,1,True
2013,MIA,00-0029701,R.Tannehill,16,1,True
2013,MIN,00-0027950,C.Ponder,8,1,True
2013,NE,00-0019596,T.Brady,18,1,True
2013,NO,00-0020531,D.Brees,18,1,True
2013,NYG,00-0022803,E.Manning,16,1,True
2013,NYJ,00-0030565,G.Smith,15,1,True
2013,PHI,00-0029567,N.Foles,12,5,True
2013,PIT,00-0022924,B.Roethlisberger,16,1,True
2013,SEA,00-0029263,R.Wilson,19,1,True
2013,SF,00-0027974,C.Kaepernick,19,1,True
2013,TB,00-0030520,M.Glennon,13,4,True
2013,TEN,00-0023682,R.Fitzpatrick,10,5,True
2013,WAS,00-0029665,R.Griffin,13,1,True
2014,ARI,00-0025430,D.Stanton,8,2,True
2014,ATL,00-0026143,M.Ryan,16,1,True
2014,BAL,00-0026158,J.Flacco,18,1,True
2014,BUF,00-0023541,K.Orton,12,5,True
2014,CAR,00-0027939,C.Newton,16,2,True
2014,CHI,00-0024226,J.Cutler,15,1,True
2014,CIN,00-0027973,A.Dalton,17,1,True
2014,CLE,00-0026625,B.Hoyer,14,1,True
2014,DAL,00-0021678,T.Romo,17,1,True
2014,DEN,00-0010346,P.Manning,17,1,True
2014,DET,00-0026498,M.Stafford,17,1,True
2014,GB,00-0023459,A.Rodgers,18,1,True
2014,HOU,00-0023682,R.Fitzpatrick,11,1,True
2014,IND,00-0029668,A.Luck,17,1,True
2014,JAX,00-0031407,B.Bortles,14,3,True
2014,KC,00-0023436,A.Smith,15,1,True
2014,LA,00-0028957,A.Davis,9,1,True
2014,LAC,00-0022942,P.Rivers,16,1,True
2014,LV,00-0031280,D.Carr,16,1,True
2014,MIA,00-0029701,R.Tannehill,16,1,True
2014,MIN,00-0031237,T.Bridgewater,13,3,True
2014,NE,00-0019596,T.Brady,18,1,True
2014,NO,00-0020531,D.Brees,16,1,True
2014,NYG,00-0022803,E.Manning,16,1,True
2014,NYJ,00-0030565,G.Smith,11,1,True
2014,PHI,00-0026898,M.Sanchez,9,9,True
2014,PIT,00-0022924,B.Roethlisberger,17,1,True
2014,SEA,00-0029263,R.Wilson,19,1,True
2014,SF,00-0027974,C.Kaepernick,16,1,True
2014,TB,00-0021206,J.McCown,10,1,True
2014,TEN,00-0024296,C.Whitehurst,7,4,True
2014,WAS,00-0029665,R.Griffin,7,1,True
2015,ARI,00-0021429,C.Palmer,18,1,True
2015,ATL,00-0026143,M.Ryan,16,1,True
2015,BAL,00-0026158,J.Flacco,10,1,True
2015,BUF,00-0028118,T.Taylor,14,1,True
2015,CAR,00-0027939,C.Newton,19,1,True
2015,CHI,00-0024226,J.Cutler,14,1,True
2015,CIN,00-0027973,A.Dalton,12,1,True
2015,CLE,00-0031409,J.Manziel,7,1,True
2015,DAL,00-0023662,M.Cassel,6,7,True
2015,DEN,00-0010346,P.Manning,11,1,True
2015,DET,00-0026498,M.Stafford,15,1,True
2015,GB,00-0023459,A.Rodgers,18,1,True
2015,HOU,00-0026625,B.Hoyer,12,1,True
2015,IND,00-0007091,M.Hasselbeck,8,4,True
2015,JAX,00-0031407,B.Bortles,16,1,True
2015,KC,00-0023436,A.Smith,18,1,True
2015,LA,00-0029567,N.Foles,11,1,True
2015,LAC,00-0022942,P.Rivers,16,1,True
2015,LV,00-0031280,D.Carr,15,2,True
2015,MIA,00-0029701,R.Tannehill,16,1,True
2015,MIN,00-0031237,T.Bridgewater,17,1,True
2015,NE,00-0019596,T.Brady,18,1,True
2015,NO,00-0020531,D.Brees,15,1,True
2015,NYG,00-0022803,E.Manning,16,1,True
2015,NYJ,00-0023682,R.Fitzpatrick,15,1,True
2015,PHI,00-0027854,S.Bradford,14,1,True
2015,PIT,00-0022924,B.Roethlisberger,14,1,True
2015,SEA,00-0029263,R.Wilson,18,1,True
2015,SF,00-0027974,C.Kaepernick,8,1,True
2015,TB,00-0031503,J.Winston,16,1,True
2015,TEN,00-0032268,M.Mariota,11,1,True
2015,WAS,00-0029604,K.Cousins,17,1,True
2016,ARI,00-0021429,C.Palmer,15,1,True
2016,ATL,00-0026143,M.Ryan,19,1,True
2016,BAL,00-0026158,J.Flacco,16,1,True
2016,BUF,00-0028118,T.Taylor,15,1,True
2016,CAR,00-0027939,C.Newton,15,1,True
2016,CHI,00-0030533,M.Barkley,7,7,True
2016,CIN,00-0027973,A.Dalton,16,1,True
2016,CLE,00-0029665,R.Griffin,5,1,True
2016,DAL,00-0033077,D.Prescott,16,1,True
2016,DEN,00-0032156,T.Siemian,13,1,True
2016,DET,00-0026498,M.Stafford,17,1,True
2016,GB,00-0023459,A.Rodgers,19,1,True
2016,HOU,00-0029682,B.Osweiler,16,1,True
2016,IND,00-0029668,A.Luck,15,1,True
2016,JAX,00-0031407,B.Bortles,16,1,True
2016,KC,00-0023436,A.Smith,15,1,True
2016,LA,00-0028986,C.Keenum,9,1,True
2016,LAC,00-0022942,P.Rivers,16,1,True
2016,LV,00-0031280,D.Carr,15,1,True
2016,MIA,00-0029701,R.Tannehill,13,1,True
2016,MIN,00-0027854,S.Bradford,15,2,True
2016,NE,00-0019596,T.Brady,15,5,True
2016,NO,00-0020531,D.Brees,16,1,True
2016,NYG,00-0022803,E.Manning,17,1,True
2016,NYJ,00-0023682,R.Fitzpatrick,12,1,True
2016,PHI,00-0032950,C.Wentz,16,1,True
2016,PIT,00-0022924,B.Roethlisberger,17,1,True
2016,SEA,00-0029263,R.Wilson,18,1,True
2016,SF,00-0027974,C.Kaepernick,11,6,True
2016,TB,00-0031503,J.Winston,16,1,True
2016,TEN,00-0032268,M.Mariota,15,1,True
2016,WAS,00-0029604,K.Cousins,16,1,True
2017,ARI,00-0021429,C.Palmer,7,1,True
2017,ATL,00-0026143,M.Ryan,18,1,True
2017,BAL,00-0026158,J.Flacco,16,1,True
2017,BUF,00-0028118,T.Taylor,16,1,True
2017,CAR,00-0027939,C.Newton,17,1,True
2017,CHI,00-0033869,M.Trubisky,12,5,True
2017,CIN,00-0027973,A.Dalton,16,1,True
2017,CLE,00-0033899,D.Kizer,15,1,True
2017,DAL,00-0033077,D.Prescott,16,1,True
2017,DEN,00-0032156,T.Siemian,10,1,True
2017,DET,00-0026498,M.Stafford,16,1,True
2017,GB,00-0031589,B.Hundley,10,6,True
2017,HOU,00-0033537,D.Watson,7,1,True
2017,IND,00-0033119,J.Brissett,15,2,True
2017,JAX,00-0031407,B.Bortles,19,1,True
2017,KC,00-0023436,A.Smith,16,1,True
2017,LA,00-0033106,J.Goff,16,1,True
2017,LAC,00-0022942,P.Rivers,16,1,True
2017,LV,00-0031280,D.Carr,15,1,True
2017,MIA,00-0024226,J.Cutler,11,2,True
2017,MIN,00-0028986,C.Keenum,17,2,True
2017,NE,00-0019596,T.Brady,19,1,True
2017,NO,00-0020531,D.Brees,18,1,True
2017,NYG,00-0022803,E.Manning,15,1,True
2017,NYJ,00-0021206,J.McCown,13,1,True
2017,PHI,00-0032950,C.Wentz,13,1,True
2017,PIT,00-0022924,B.Roethlisberger,16,1,True
2017,SEA,00-0029263,R.Wilson,16,1,True
2017,SF,00-0033936,C.Beathard,6,6,True
2017,TB,00-0031503,J.Winston,11,2,True
2017,TEN,00-0032268,M.Mariota,16,1,True
2017,WAS,00-0029604,K.Cousins,16,1,True
2018,ARI,00-0034343,J.Rosen,13,4,True
2018,ATL,00-0026143,M.Ryan,16,1,True
2018,BAL,00-0026158,J.Flacco,9,1,True
2018,BUF,00-0034857,J.Allen,11,2,True
2018,CAR,00-0027939,C.Newton,14,1,True
2018,CHI,00-0033869,M.Trubisky,15,1,True
2018,CIN,00-0027973,A.Dalton,10,1,True
2018,CLE,00-0034855,B.Mayfield,14,3,True
2018,DAL,00-0033077,D.Prescott,18,1,True
2018,DEN,00-0028986,C.Keenum,16,1,True
2018,DET,00-0026498,M.Stafford,16,1,True
2018,GB,00-0023459,A.Rodgers,15,1,True
2018,HOU,00-0033537,D.Watson,17,1,True
2018,IND,00-0029668,A.Luck,18,1,True
2018,JAX,00-0031407,B.Bortles,11,1,True
2018,KC,00-0033873,P.Mahomes,18,1,True
2018,LA,00-0033106,J.Goff,19,1,True
2018,LAC,00-0022942,P.Rivers,18,1,True
2018,LV,00-0031280,D.Carr,16,1,True
2018,MIA,00-0029701,R.Tannehill,11,1,True
2018,MIN,00-0029604,K.Cousins,16,1,True
2018,NE,00-0019596,T.Brady,19,1,True
2018,NO,00-0020531,D.Brees,17,1,True
2018,NYG,00-0022803,E.Manning,16,1,True
2018,NYJ,00-0034869,S.Darnold,13,1,True
2018,PHI,00-0032950,C.Wentz,11,3,True
2018,PIT,00-0022924,B.Roethlisberger,16,1,True
2018,SEA,00-0029263,R.Wilson,17,1,True
2018,SF,00-0033319,N.Mullens,8,9,True
2018,TB,00-0031503,J.Winston,10,4,True
2018,TEN,00-0032268,M.Mariota,13,3,True
2018,WAS,00-0023436,A.Smith,10,1,True
2019,ARI,00-0035228,K.Murray,16,1,True
2019,ATL,00-0026143,M.Ryan,15,1,True
2019,BAL,00-0034796,L.Jackson,16,1,True
2019,BUF,00-0034857,J.Allen,13,1,True
2019,CAR,00-0034577,K.Allen,13,3,True
2019,CHI,00-0033869,M.Trubisky,14,1,True
2019,CIN,00-0027973,A.Dalton,13,1,True
2019,CLE,00-0034855,B.Mayfield,16,1,True
2019,DAL,00-0033077,D.Prescott,16,1,True
2019,DEN,00-0026158,J.Flacco,8,1,True
2019,DET,00-0026498,M.Stafford,8,1,True
2019,GB,00-0023459,A.Rodgers,18,1,True
2019,HOU,00-0033537,D.Watson,17,1,True
2019,IND,00-0033119,J.Brissett,14,1,True
2019,JAX,00-0035289,G.Minshew II,8,1,True
2019,KC,00-0033873,P.Mahomes,16,1,True
2019,LA,00-0033106,J.Goff,16,1,True
2019,LAC,00-0022942,P.Rivers,16,1,True
2019,LV,00-0031280,D.Carr,16,1,True
2019,MIA,00-0023682,R.Fitzpatrick,13,1,True
2019,MIN,00-0029604,K.Cousins,17,1,True
2019,NE,00-0019596,T.Brady,17,1,True
2019,NO,00-0020531,D.Brees,11,1,True
2019,NYG,00-0035710,D.Jones,12,3,True
2019,NYJ,00-0034869,S.Darnold,13,1,True
2019,PHI,00-0032950,C.Wentz,16,1,True
2019,PIT,00-0034771,M.Rudolph,10,2,True
2019,SEA,00-0029263,R.Wilson,18,1,True
2019,SF,00-0031345,J.Garoppolo,19,1,True
2019,TB,00-0031503,J.Winston,16,1,True
2019,TEN,00-0029701,R.Tannehill,14,6,True
2019,WAS,00-0028986,C.Keenum,8,1,True
2020,ARI,00-0035228,K.Murray,15,1,True
2020,ATL,00-0026143,M.Ryan,16,1,True
2020,BAL,00-0034796,L.Jackson,17,1,True
2020,BUF,00-0034857,J.Allen,19,1,True
2020,CAR,00-0031237,T.Bridgewater,15,1,True
2020,CHI,00-0033869,M.Trubisky,9,1,True
2020,CIN,00-0036442,J.Burrow,10,1,True
2020,CLE,00-0034855,B.Mayfield,18,1,True
2020,DAL,00-0027973,A.Dalton,9,6,True
2020,DEN,00-0035704,D.Lock,12,1,True
2020,DET,00-0026498,M.Stafford,15,1,True
2020,GB,00-0023459,A.Rodgers,18,1,True
2020,HOU,00-0033537,D.Watson,16,1,True
2020,IND,00-0022942,P.Rivers,17,1,True
2020,JAX,00-0035289,G.Minshew II,6,1,True
2020,KC,00-0033873,P.Mahomes,18,1,True
2020,LA,00-0033106,J.Goff,17,1,True
2020,LAC,00-0036355,J.Herbert,15,2,True
2020,LV,00-0031280,D.Carr,15,1,True
2020,MIA,00-0036212,T.Tagovailoa,9,8,True
2020,MIN,00-0029604,K.Cousins,16,1,True
2020,NE,00-0027939,C.Newton,15,1,True
2020,NO,00-0020531,D.Brees,14,1,True
2020,NYG,00-0035710,D.Jones,14,1,True
2020,NYJ,00-0034869,S.Darnold,12,1,True
2020,PHI,00-0032950,C.Wentz,12,1,True
2020,PIT,00-0022924,B.Roethlisberger,16,1,True
2020,SEA,00-0029263,R.Wilson,17,1,True
2020,SF,00-0033319,N.Mullens,9,3,True
2020,TB,00-0019596,T.Brady,20,1,True
2020,TEN,00-0029701,R.Tannehill,17,1,True
2020,WAS,00-0023436,A.Smith,8,5,True
2021,ARI,00-0035228,K.Murray,15,1,True
2021,ATL,00-0026143,M.Ryan,17,1,True
2021,BAL,00-0034796,L.Jackson,11,1,True
2021,BUF,00-0034857,J.Allen,18,1,True
2021,CAR,00-0034869,S.Darnold,12,1,True
2021,CHI,00-0036945,J.Fields,10,2,True
2021,CIN,00-0036442,J.Burrow,20,1,True
2021,CLE,00-0034855,B.Mayfield,14,1,True
2021,DAL,00-0033077,D.Prescott,17,1,True
2021,DEN,00-0031237,T.Bridgewater,13,1,True
2021,DET,00-0033106,J.Goff,14,1,True
2021,GB,00-0023459,A.Rodgers,9,1,True
2021,HOU,00-0036898,D.Mills,12,2,True
2021,IND,00-0032950,C.Wentz,17,1,True
2021,JAX,00-0036971,T.Lawrence,17,1,True
2021,KC,00-0033873,P.Mahomes,20,1,True
2021,LA,00-0026498,M.Stafford,21,1,True
2021,LAC,00-0036355,J.Herbert,17,1,True
2021,LV,00-0031280,D.Carr,18,1,True
2021,MIA,00-0036212,T.Tagovailoa,11,1,True
2021,MIN,00-0029604,K.Cousins,16,1,True
2021,NE,00-0036972,M.Jones,18,1,True
2021,NO,00-0031503,J.Winston,6,1,True
2021,NYG,00-0035710,D.Jones,10,1,True
2021,NYJ,00-0037013,Z.Wilson,12,1,True
2021,PHI,00-0036389,J.Hurts,16,1,True
2021,PIT,00-0022924,B.Roethlisberger,17,1,True
2021,SEA,00-0029263,R.Wilson,14,1,True
2021,SF,00-0031345,J.Garoppolo,17,1,True
2021,TB,00-0019596,T.Brady,19,1,True
2021,TEN,00-0029701,R.Tannehill,18,1,True
2021,WAS,00-0031800,T.Heinicke,16,1,True
2022,ARI,00-0035228,K.Murray,10,1,True
2022,ATL,00-0032268,M.Mariota,13,1,True
2022,BAL,00-0034796,L.Jackson,11,1,True
2022,BUF,00-0034857,J.Allen,18,1,True
2022,CAR,00-0034855,B.Mayfield,7,1,True
2022,CHI,00-0036945,J.Fields,15,1,True
2022,CIN,00-0036442,J.Burrow,19,1,True
2022,CLE,00-0033119,J.Brissett,11,1,True
2022,DAL,00-0033077,D.Prescott,14,1,True
2022,DEN,00-0029263,R.Wilson,15,1,True
2022,DET,00-0033106,J.Goff,17,1,True
2022,GB,00-0023459,A.Rodgers,17,1,True
2022,HOU,00-0036898,D.Mills,15,1,True
2022,IND,00-0026143,M.Ryan,12,1,True
2022,JAX,00-0036971,T.Lawrence,19,1,True
2022,KC,00-0033873,P.Mahomes,20,1,True
2022,LA,00-0026498,M.Stafford,9,1,True
2022,LAC,00-0036355,J.Herbert,18,1,True
2022,LV,00-0031280,D.Carr,15,1,True
2022,MIA,00-0036212,T.Tagovailoa,12,1,True
2022,MIN,00-0029604,K.Cousins,18,1,True
2022,NE,00-0036972,M.Jones,13,1,True
2022,NO,00-0027973,A.Dalton,14,4,True
2022,NYG,00-0035710,D.Jones,18,1,True
2022,NYJ,00-0037013,Z.Wilson,9,4,True
2022,PHI,00-0036389,J.Hurts,18,1,True
2022,PIT,00-0038102,K.Pickett,11,5,True
2022,SEA,00-0030565,G.Smith,18,1,True
2022,SF,00-0031345,J.Garoppolo,10,2,True
2022,TB,00-0019596,T.Brady,18,1,True
2022,TEN,00-0029701,R.Tannehill,12,1,True
2022,WAS,00-0031800,T.Heinicke,9,7,True
2023,ARI,00-0033949,J.Dobbs,8,1,True
2023,ATL,00-0038122,D.Ridder,12,1,True
2023,BAL,00-0034796,L.Jackson,18,1,True
2023,BUF,00-0034857,J.Allen,19,1,True
2023,CAR,00-0039150,B.Young,16,1,True
2023,CHI,00-0036945,J.Fields,13,1,True
2023,CIN,00-0036442,J.Burrow,9,1,True
2023,CLE,00-0026158,J.Flacco,6,13,True
2023,DAL,00-0033077,D.Prescott,18,1,True
2023,DEN,00-0029263,R.Wilson,15,1,True
2023,DET,00-0033106,J.Goff,20,1,True
2023,GB,00-0036264,J.Love,19,1,True
2023,HOU,00-0039163,C.Stroud,17,1,True
2023,IND,00-0035289,G.Minshew,15,2,True
2023,JAX,00-0036971,T.Lawrence,16,1,True
2023,KC,00-0033873,P.Mahomes,20,1,True
2023,LA,00-0026498,M.Stafford,16,1,True
2023,LAC,00-0036355,J.Herbert,12,1,True
2023,LV,00-0038579,A.O'Connell,10,4,True
2023,MIA,00-0036212,T.Tagovailoa,18,1,True
2023,MIN,00-0029604,K.Cousins,8,1,True
2023,NE,00-0036972,M.Jones,11,1,True
2023,NO,00-0031280,D.Carr,16,1,True
2023,NYG,00-0038476,T.DeVito,7,9,True
2023,NYJ,00-0037013,Z.Wilson,11,1,True
2023,PHI,00-0036389,J.Hurts,17,1,True
2023,PIT,00-0038102,K.Pickett,10,1,True
2023,SEA,00-0030565,G.Smith,15,1,True
2023,SF,00-0037834,B.Purdy,19,1,True
2023,TB,00-0034855,B.Mayfield,19,1,True
2023,TEN,00-0029701,R.Tannehill,9,1,True
2023,WAS,00-0037077,S.Howell,17,1,True
2024,ARI,00-0035228,K.Murray,17,1,True
2024,ATL,00-0029604,K.Cousins,14,1,True
2024,BAL,00-0034796,L.Jackson,19,1,True
2024,BUF,00-0034857,J.Allen,19,1,True
2024,CAR,00-0039150,B.Young,12,1,True
2024,CHI,00-0039918,C.Williams,17,1,True
2024,CIN,00-0036442,J.Burrow,17,1,True
2024,CLE,00-0031503,J.Winston,7,8,True
2024,DAL,00-0033077,D.Prescott,8,1,True
2024,DEN,00-0039732,B.Nix,18,1,True
2024,DET,00-0033106,J.Goff,18,1,True
2024,GB,00-0036264,J.Love,15,1,True
2024,HOU,00-0039163,C.Stroud,18,1,True
2024,IND,00-0039164,A.Richardson,10,1,True
2024,JAX,00-0036971,T.Lawrence,9,1,True
2024,KC,00-0033873,P.Mahomes,19,1,True
2024,LA,00-0026498,M.Stafford,18,1,True
2024,LAC,00-0036355,J.Herbert,18,1,True
2024,LV,00-0035289,G.Minshew,9,1,True
2024,MIA,00-0036212,T.Tagovailoa,11,1,True
2024,MIN,00-0034869,S.Darnold,18,1,True
2024,NE,00-0039851,D.Maye,10,6,True
2024,NO,00-0031280,D.Carr,10,1,True
2024,NYG,00-0035710,D.Jones,10,1,True
2024,NYJ,00-0023459,A.Rodgers,17,1,True
2024,PHI,00-0036389,J.Hurts,18,1,True
2024,PIT,00-0029263,R.Wilson,12,7,True
2024,SEA,00-0030565,G.Smith,17,1,True
2024,SF,00-0037834,B.Purdy,15,1,True
2024,TB,00-0034855,B.Mayfield,18,1,True
2024,TEN,00-0039152,W.Levis,10,1,True
2024,WAS,00-0039910,J.Daniels,18,1,True
